<?xml version="1.0" encoding="UTF-8"?>
<window>
    <animation effect="fade" time="200">WindowClose</animation>
    <onload condition="Skin.HasSetting(Use_Artist_Slideshow) + system.hasaddon(script.artistslideshow)">RunScript(script.artistslideshow)</onload>
    <defaultcontrol></defaultcontrol>
    <controls>
        <control type="visualisation" description="Visualisation">
            <width>1920</width>
            <height>1080</height>
            <visible>Player.HasAudio</visible>
        </control>
        <control type="image" description="Slideshow - AS 3.0">
            <visible>Skin.HasSetting(MusicPlayingFanart) + Skin.HasSetting(Use_Artist_Slideshow) + !String.IsEmpty(Window(Visualisation).Property(ArtistSlideshow.Image))</visible>
            <texture background="true">$INFO[Window(Visualisation).Property(ArtistSlideshow.Image)]</texture>
            <include>Dimensions_Fullscreen</include>
            <texture background="true">$INFO[Window(Visualisation).Property(ArtistSlideshow.Image)]</texture>
            <aspectratio aligny="top">scale</aspectratio>
            <fadetime>10000</fadetime>
            <animation effect="fade" start="0" end="80" time="300">Visible</animation>
            <animation effect="fade" start="80" end="0" time="200">Hidden</animation>
            <animation type="Conditional" condition="Visualisation.Enabled">
                <effect type="fade" start="0" end="50" time="0" />
            </animation>
            <animation type="Conditional" condition="!Visualisation.Enabled">
                <effect type="fade" start="0" end="80" time="0" />
            </animation>
        </control>
		<control type="multiimage" description="Slideshow - AS 2.x">
		    <visible>Skin.HasSetting(MusicPlayingFanart) + Skin.HasSetting(Use_Artist_Slideshow) + !String.IsEmpty(Window(Visualisation).Property(ArtistSlideshow.ArtworkReady)</visible>
            <include>Dimensions_Fullscreen</include>
            <aspectratio aligny="top">scale</aspectratio>
			<timeperimage>14000</timeperimage>
            <fadetime>10000</fadetime>
            <randomize>true</randomize>
            <loop>yes</loop>
            <imagepath background="true">$INFO[Window(Visualisation).Property(ArtistSlideshow)]</imagepath>
            <animation effect="fade" start="0" end="80" time="300">Visible</animation>
            <animation effect="fade" start="80" end="0" time="200">Hidden</animation>
            <animation type="Conditional" condition="Visualisation.Enabled">
                <effect type="fade" start="0" end="50" time="0" />
            </animation>
            <animation type="Conditional" condition="!Visualisation.Enabled">
                <effect type="fade" start="0" end="80" time="0" />
            </animation>
        </control>
        <control type="image" description="Fanart only">
            <visible>Skin.HasSetting(MusicPlayingFanart) + [!Skin.HasSetting(Use_Artist_Slideshow) | String.IsEmpty(Window(Visualisation).Property(ArtistSlideshow.Image))]</visible>
            <include>Dimensions_Fullscreen</include>
            <fadetime>400</fadetime>
            <aspectratio>scale</aspectratio>
            <texture background="true">$VAR[MusicNonASFanart]</texture>
            <animation effect="fade" start="0" end="80" time="300">Visible</animation>
            <animation effect="fade" start="80" end="0" time="200">Hidden</animation>
            <animation type="Conditional" condition="Visualisation.Enabled">
                <effect type="fade" start="0" end="50" time="0" />
            </animation>
            <animation type="Conditional" condition="!Visualisation.Enabled">
                <effect type="fade" start="0" end="80" time="0" />
            </animation>
        </control>
		<!-- Artist Logo -->
		<control type="image">
            <posy>15</posy>
			<posx>1500</posx>
            <width>400</width>
            <height>155</height>
            <texture  background="true">$INFO[Player.Art(artist.clearlogo)]</texture>
			<aspectratio>keep</aspectratio>
            <visible>!String.IsEmpty(Player.Art(artist.clearlogo)) + Skin.HasSetting(ShowLogoMusicViz) + !Window.IsVisible(script-cu-lrclyrics-main.xml)</visible>
        </control>
        <control type="image">
            <posy>-110</posy>
            <width>1920</width>
            <height>1200</height>
            <texture border="0,30,0,30">OSD/FS_OSDBackground.png</texture>
            <colordiffuse>ccE2E2E2</colordiffuse>
            <visible>Window.IsVisible(script-cu-lrclyrics-main.xml)</visible>
        </control>
        <control type="group">
            <visible>[Player.ShowInfo | Window.IsActive(musicosd)] + !Window.IsActive(playerprocessinfo)</visible>
            <control type="group">
                <posy>820</posy>
                <include>OSDFade</include>
                <animation effect="fade" time="200">VisibleChange</animation>
                <control type="image">
                    <width>1920</width>
                    <height>260</height>
                    <texture border="0,30,0,30">OSD/FS_OSDBackground.png</texture>
                    <colordiffuse>FFE2E2E2</colordiffuse>
                </control>
                <include content="ShadowedImage">
                    <param name="top">682r</param>
                    <param name="left">555r</param>
                    <param name="width">509</param>
                    <param name="height">636</param>
                    <param name="shadowoffset">16</param>
                    <param name="texture">$INFO[MusicPlayer.Cover]</param>
                    <param name="aligny">bottom</param>
                </include>
                <control type="image" description="Dim icon for lyrics visibility if active">
                    <visible>Window.IsVisible(script-cu-lrclyrics-main.xml)</visible>
                    <include>VisibleFadeEffectDelay</include>
                    <top>682r</top>
                    <left>555r</left>
                    <width>509</width>
                    <height>636</height>
                    <texture>$INFO[MusicPlayer.Cover]</texture>
                    <colordiffuse>HeavyShadow</colordiffuse>
                    <aspectratio align="center" aligny="bottom">keep</aspectratio>
                </control>
                <control type="label">
                    <posx>30</posx>
                    <posy>50</posy>
                    <width>900</width>
                    <height>40</height>
                    <align>left</align>
                    <label>$INFO[MusicPlayer.Artist]</label>
                    <font>InfoTitle</font>
                    <textcolor>grey</textcolor>
                </control>
                <control type="grouplist">
                    <top>50</top>
                    <posx>708</posx>
                    <height>35</height>
                    <width>605</width>
                    <orientation>horizontal</orientation>
                    <itemgap>15</itemgap>
                    <align>right</align>
                    <control type="image">
                        <description>Audio Codec Image</description>
                        <width>85</width>
                        <aspectratio align="center">keep</aspectratio>
                        <texture>$INFO[VideoPlayer.AudioCodec,badges/audiocodec/,.png]</texture>
                        <colordiffuse>silver</colordiffuse>
                        <visible>!Player.ChannelPreviewActive</visible>
                    </control>
                    <control type="image">
                        <description>Audio Channels Image</description>
                        <width>85</width>
                        <aspectratio align="center">keep</aspectratio>
                        <texture>$INFO[VideoPlayer.AudioChannels,badges/audiochannels/channels,.png]</texture>
                        <colordiffuse>silver</colordiffuse>
                        <visible>!Player.ChannelPreviewActive</visible>
                    </control>
                </control>
                <control type="grouplist">
                    <left>30</left>
                    <top>100</top>
                    <width>1205</width>
                    <height>60</height>
                    <orientation>horizontal</orientation>
                    <control type="image">
                        <width>40</width>
                        <aspectratio align="center" aligny="center">keep</aspectratio>
                        <texture>img/PVR-IsRecording.png</texture>
                        <visible>MusicPlayer.Content(livetv) + PVR.IsRecordingPlayingChannel</visible>
                    </control>
                    <control type="image">
                        <width>20</width>
                        <texture></texture>
                        <visible>MusicPlayer.Content(livetv) + PVR.IsRecordingPlayingChannel</visible>
                    </control>
                    <control type="label">
                        <width>1140</width>
                        <height>60</height>
                        <font>MainLabelBigTitle</font>
                        <label>$INFO[MusicPlayer.TrackNumber,,: ]$INFO[Player.Title]</label>
                        <textcolor>$VAR[HighlightColor]</textcolor>
                        <scroll>true</scroll>
                        <scrollspeed>25</scrollspeed>
                    </control>
                </control>
                <control type="label">
                    <posx>30</posx>
                    <posy>176</posy>
                    <width>740</width>
                    <height>40</height>
                    <align>left</align>
                    <label>$INFO[MusicPlayer.Album]$INFO[MusicPlayer.Year, (,) ]</label>
                    <font>InfoTitle</font>
                    <scroll>true</scroll>
                    <textcolor>grey</textcolor>
                    <visible>Window.IsVisible(MusicOSD)</visible>
                </control>
                <control type="label">
                    <posx>30</posx>
                    <posy>176</posy>
                    <width>1205</width>
                    <height>40</height>
                    <align>left</align>
                    <label>$INFO[MusicPlayer.Album]$INFO[MusicPlayer.Year, (,) ]</label>
                    <font>InfoTitle</font>
                    <scroll>true</scroll>
                    <textcolor>grey</textcolor>
                    <visible>!Window.IsVisible(MusicOSD)</visible>
                </control>
            </control>
        </control>
    </controls>
</window>
