<?xml version="1.0" encoding="UTF-8"?>
<window>
    <onload condition="System.HasAddon(script.skin.info.service)">RunScript(script.skin.info.service)</onload>
    <onload condition="System.HasAddon(plugin.video.themoviedb.helper)">Skin.SetBool(TMDbHelper.Service)</onload>
    <onload condition="Skin.HasSetting(Enable.BlurredVideoInfo) + System.HasAddon(plugin.video.themoviedb.helper)">Skin.SetBool(TMDbHelper.EnableBlur)</onload>
	<onload>ReplaceWindow($INFO[System.StartupWindow])</onload>
	
	<!-- Establish list as default view if no default view is set -->
	<onload condition="!Skin.HasSetting(UseListDefault) + !Skin.HasSetting(UseTallListDefault) + !Skin.HasSetting(UseLowListDefault) + !Skin.HasSetting(UseBigListDefault) + !Skin.HasSetting(UsePanelDefault) + 
	                   !Skin.HasSetting(UsePanel2Default) + !Skin.HasSetting(UseBigPanel2Default) + !Skin.HasSetting(UseBigPanelDefault) + !Skin.HasSetting(UseIconsDefault) + !Skin.HasSetting(UseFanartDefault)">Skin.SetBool(UseListDefault)</onload>
	<controls>
    </controls>
</window>