<?xml version="1.0" encoding="UTF-8"?>
<window>
	
	<!-- Establish list as default view if no default view is set -->
	<onload condition="!Skin.HasSetting(FirstRunDone)">Skin.SetBool(UseListDefault)</onload>
	<onload condition="!Skin.HasSetting(FirstRunDone)">RunScript(script.skinshortcuts,type=buildxml&amp;mainmenuID=300&amp;group=mainmenu|powermenu)</onload>
	<onload condition="!Skin.HasSetting(FirstRunDone)">ReloadSkin()</onload>
	<onload condition="!Skin.HasSetting(FirstRunDone)">Skin.SetBool(FristRunDone)</onload>
	
<!--	<onload condition="!Skin.HasSetting(UseListDefault) + !Skin.HasSetting(UseTallListDefault) + !Skin.HasSetting(UseLowListDefault) + !Skin.HasSetting(UseBigListDefault) + !Skin.HasSetting(UsePanelDefault) + 
	                   !Skin.HasSetting(UseBigPanelDefault) + !Skin.HasSetting(UseIconsDefault) + !Skin.HasSetting(UseFanartDefault)">Skin.SetBool(UseListDefault)</onload>
	<onload condition="!Skin.HasSetting(UseListDefault) + !Skin.HasSetting(UseTallListDefault) + !Skin.HasSetting(UseLowListDefault) + !Skin.HasSetting(UseBigListDefault) + !Skin.HasSetting(UsePanelDefault) + 
	                   !Skin.HasSetting(UseBigPanelDefault) + !Skin.HasSetting(UseIconsDefault) + !Skin.HasSetting(UseFanartDefault)">ReloadSkin()</onload> -->
	
	<include condition="Skin.HasSetting(UseListDefault)">DefaultViews</include>
    <include condition="Skin.HasSetting(UseTallListDefault)">TallListDefaultView</include>
	<include condition="Skin.HasSetting(UseLowListDefault)">LowListDefaultView</include>
	<include condition="Skin.HasSetting(UseBigListDefault)">BigListDefaultView</include>
	<include condition="Skin.HasSetting(UsePanelDefault)">PanelDefaultView</include>
	<include condition="Skin.HasSetting(UseBigPanelDefault)">BigPanelDefaultView</include>
	<include condition="Skin.HasSetting(UseIconsDefault)">IconsDefaultView</include>
	<include condition="Skin.HasSetting(UseFanartDefault)">FanartDefaultView</include>
	
	<menucontrol>9000</menucontrol>

	<controls>
		<include>DefaultBackground</include>
		<include>View_50_List</include>
		<include>View_51_Panel</include>
		<include>View_52_BigList</include>
		<include>View_53_Icons</include>
		<include>View_54_LowList</include>
		<include>View_55_BigPanel</include>
		<include>View_56_Fanart</include>
        <include>View_501_TallList</include>
		<control type="group">
			<include>VignetteFade</include>
			<include>Time</include>
		</control>	
		<control type="group" id="8999" description="Side menu 9000 group">
			<include>9000Commons</include>
			<include>9000NavCommons</include>
			<control type="grouplist" id="9000">
				<include>9000GrouplistParameters</include>
				<control type="label" id="9181">
					<textcolor>$VAR[HighlightColor]</textcolor>
					<align>left</align>
					<textoffsetx>10</textoffsetx>
					<include>9000ViewButtons</include>
					<label>$LOCALIZE[31026]</label>
				</control>
				<control type="radiobutton" id="7">
					<label>$LOCALIZE[25001]</label>
					<visible>Control.IsEnabled(7)</visible>
					<texturenofocus border="3">buttons/ButtonNF.png</texturenofocus>
					<include>9000SysButtons</include>
				</control>
				<control type="radiobutton" id="8">
					<label>$LOCALIZE[24999]</label>
					<visible>Control.IsEnabled(8)</visible>
					<texturenofocus border="3">buttons/ButtonNF.png</texturenofocus>
					<include>9000SysButtons</include>
				</control>
				<control type="button" id="9">
					<label>$LOCALIZE[24034]</label>
					<texturenofocus border="3">buttons/ButtonNF.png</texturenofocus>
					<include>9000SysButtons</include>
				</control>
				<control type="button" id="5">
					<label>$LOCALIZE[10004]</label>
					<texturenofocus border="3">buttons/ButtonNF.png</texturenofocus>
					<include>9000SysButtons</include>
				</control>

			</control>
		</control>
        <include>TouchButtons</include>

	</controls>
</window>