<?xml version="1.0" encoding="UTF-8"?>
<window>
	<defaultcontrol>1000</defaultcontrol>
	<controls>
		<control type="group" description="MENU">
			<animation type="WindowOpen">
				<effect type="fade" start="0" end="100" time="200" />
			</animation>
			<animation type="WindowClose">
				<effect type="fade" start="100" end="0" time="100" />
			</animation>
			<control type="image" id="999" description="Menu BG">
				<posy>-24</posy>
				<height>1020</height>
				<width>525</width>
				<texture border="0,40,0,40">dialogs/ContextMenu.png</texture>
				<colordiffuse>$VAR[DialogBGColor]</colordiffuse>
			</control>
			<control type="grouplist" id="996" description="Context menu container">
				<posx>16</posx>
                <posy>39</posy>
				<width>530</width>
				<height max="900">auto</height>
                <control type="button" id="1000" description="Buttons">
				    <width>493</width>
				    <height>60</height>
				    <textoffsetx>10</textoffsetx>
				    <align>center</align>
				    <texturefocus border="4" colordiffuse="$VAR[HighlightColor]">img/WhiteRoundedST2.png</texturefocus>
				    <texturenofocus border="3">buttons/ButtonNF.png</texturenofocus>
				    <focusedcolor>$VAR[FocusedTextColor]</focusedcolor>
				    <shadowcolor></shadowcolor>
			    </control>
                <!-- ArtWork Downloader Solo Mode-->
                <control type="button" id="9325">    
                    <width>493</width>
				    <height>60</height>
				    <textoffsetx>10</textoffsetx>
				    <align>center</align>
				    <texturefocus border="4" colordiffuse="$VAR[HighlightColor]">img/WhiteRoundedST2.png</texturefocus>
				    <texturenofocus border="3">buttons/ButtonNF.png</texturenofocus>
				    <focusedcolor>$VAR[FocusedTextColor]</focusedcolor>
				    <shadowcolor></shadowcolor>
                    <label>$LOCALIZE[32120]</label>
                    <onclick condition="Container.Content(tvshows)">RunScript(script.artwork.beef, mediatype=tvshow, dbid=$INFO[ListItem.DBID])</onclick>
                    <onclick condition="Container.Content(movies)">RunScript(script.artwork.beef, mediatype=movie, dbid=$INFO[ListItem.DBID])</onclick>
                    <onclick condition="Container.Content(musicvideos)">RunScript(script.artwork.beef, mediatype=musicvideo, dbid=$INFO[ListItem.DBID])</onclick>
                    <onclick>SetFocus(50)</onclick>
                    <visible>Skin.HasSetting(ShowABinContextMenu)</visible>
                    <visible>System.HasAddon(script.artwork.beef) + [Container.Content(tvshows) | Container.Content(movies) | Container.Content(musicvideos)]</visible>
                </control>
                <!-- ArtWork Downloader Gui Mode-->
                <control type="button" id="9326">    
                    <width>493</width>
				    <height>60</height>
				    <textoffsetx>10</textoffsetx>
				    <align>center</align>
				    <texturefocus border="4" colordiffuse="$VAR[HighlightColor]">img/WhiteRoundedST2.png</texturefocus>
				    <texturenofocus border="3">buttons/ButtonNF.png</texturenofocus>
				    <focusedcolor>$VAR[FocusedTextColor]</focusedcolor>
				    <shadowcolor></shadowcolor>
                    <label>$LOCALIZE[32121]</label>
                    <onclick condition="Container.Content(tvshows)">RunScript(script.artwork.beef, mode=gui, mediatype=tvshow, dbid=$INFO[ListItem.DBID])</onclick>
                    <onclick condition="Container.Content(movies)">RunScript(script.artwork.beef, mode=gui, mediatype=movie, dbid=$INFO[ListItem.DBID])</onclick>
                    <onclick condition="Container.Content(musicvideos)">RunScript(script.artwork.beef, mode=gui, mediatype=musicvideo, dbid=$INFO[ListItem.DBID])</onclick>
                    <onclick>SetFocus(50)</onclick>
                    <visible>Skin.HasSetting(ShowABinContextMenu)</visible>
                    <visible>System.HasAddon(script.artwork.beef) + [Container.Content(tvshows) | Container.Content(movies) | Container.Content(musicvideos)]</visible>
                </control>
			</control>
			
            
		</control>
	</controls>
</window>