<?xml version="1.0" encoding="UTF-8"?>
<includes>

    <variable name="HomeClearLogo">
        <!-- Widget Item Logo -->
		<value condition="ControlGroup(700).HasFocus + !String.IsEmpty(Container(300).ListItem.Property(WidgetType)) + String.IsEmpty(ListItem.Property(recommendedtvshowtitle)) + 
		                  String.IsEmpty(ListItem.Property(nextairedtvshowtitle)) + !String.IsEmpty(ListItem.TVShowTitle) + !String.IsEmpty(ListItem.Art(tvshow.clearlogo)) + String.IsEmpty(Container(300).ListItem.Property(widgetDisableFanart))">$INFO[ListItem.Art(tvshow.clearlogo)]</value>
        <value condition="ControlGroup(700).HasFocus + !String.IsEmpty(Container(300).ListItem.Property(WidgetType)) + String.IsEmpty(ListItem.Property(recommendedtvshowtitle)) + 
		                  String.IsEmpty(ListItem.Property(nextairedtvshowtitle)) + !String.IsEmpty(ListItem.TVShowTitle) + !String.IsEmpty(ListItem.Art(clearlogo))+ String.IsEmpty(Container(300).ListItem.Property(widgetDisableFanart))">$INFO[ListItem.Art(clearlogo)]</value>						  
        <value condition="ControlGroup(700).HasFocus + !String.IsEmpty(Container(300).ListItem.Property(WidgetType)) + String.IsEmpty(ListItem.Property(recommendedtvshowtitle)) + 
		                  String.IsEmpty(ListItem.Property(nextairedtvshowtitle)) + !String.IsEmpty(Container.ListItem.Art(clearlogo)) + String.IsEmpty(Container(300).ListItem.Property(widgetDisableFanart))">$INFO[Container.ListItem.Art(clearlogo)]</value>
        <value condition="ControlGroup(700).HasFocus + !String.IsEmpty(ListItem.Property(nextairedtvshowtitle)) + !String.IsEmpty(ListItem.Property(nextairedclearlogo)) + String.IsEmpty(Container(300).ListItem.Property(widgetDisableFanart))">$INFO[ListItem.Property(nextairedclearlogo)]</value>
        <value condition="ControlGroup(700).HasFocus + !String.IsEmpty(ListItem.Property(recommendedtvshowtitle)) + !String.IsEmpty(ListItem.Property(recommendedclearlogo)) + String.IsEmpty(Container(300).ListItem.Property(widgetDisableFanart))">$INFO[ListItem.Property(recommendedclearlogo)]</value>
		<value condition="ControlGroup(700).HasFocus + !String.IsEmpty(ListItem.Art(artist.clearlogo)) + String.IsEmpty(Container(300).ListItem.Property(widgetDisableFanart))">$INFO[ListItem.Art(artist.clearlogo)]</value>
		
		<value condition="ControlGroup(700).HasFocus + String.IsEmpty(Container(300).ListItem.Property(widgetDisableFanart)) + String.IsEqual(Container(300).ListItem.Property(widgetType),custom) + String.IsEqual(Container.ListItem.Property(background),playlistBackground) + [!String.IsEqual(Container.ListItem.Property(EHPlaylistFanart),true) | !System.HasAddon(script.embuary.helper)] + !String.IsEmpty(Container(9993).ListItem.Art(tvshow.clearlogo))">$INFO[Container(9993).ListItem.Art(tvshow.clearlogo)]</value>
		<value condition="ControlGroup(700).HasFocus + String.IsEmpty(Container(300).ListItem.Property(widgetDisableFanart)) + String.IsEqual(Container(300).ListItem.Property(widgetType),custom) + String.IsEqual(Container.ListItem.Property(background),playlistBackground) + [!String.IsEqual(Container.ListItem.Property(EHPlaylistFanart),true) | !System.HasAddon(script.embuary.helper)] + !String.IsEmpty(Container(9993).ListItem.Art(clearlogo))">$INFO[Container(9993).ListItem.Art(clearlogo)]</value>
		<value condition="ControlGroup(700).HasFocus + String.IsEmpty(Container(300).ListItem.Property(widgetDisableFanart)) + String.IsEqual(Container(300).ListItem.Property(widgetType),custom) + String.IsEqual(Container.ListItem.Property(background),playlistBackground) + String.IsEqual(Container.ListItem.Property(EHPlaylistFanart),true) + System.HasAddon(script.embuary.helper) + !String.IsEmpty(Container(9995).ListItem.Art(clearlogo))">$INFO[Container(9995).ListItem.Art(clearlogo)]</value>
		
		<value condition="ControlGroup(700).HasFocus + String.IsEmpty(Container(300).ListItem.Property(widgetDisableFanart)) + String.IsEqual(Container(300).ListItem.Property(widgetType),custom) + String.IsEqual(Container.ListItem.Property(background),nodeBackground) + [!String.IsEqual(Container.ListItem.Property(EHPlaylistFanart),true) | !System.HasAddon(script.embuary.helper)] + !String.IsEmpty(Container(9994).ListItem.Art(clearlogo))">$INFO[Container(9994).ListItem.Art(clearlogo)]</value>
		<value condition="ControlGroup(700).HasFocus + String.IsEmpty(Container(300).ListItem.Property(widgetDisableFanart)) + String.IsEqual(Container(300).ListItem.Property(widgetType),custom) + String.IsEqual(Container.ListItem.Property(background),nodeBackground) + String.IsEqual(Container.ListItem.Property(EHPlaylistFanart),true) + System.HasAddon(script.embuary.helper) + !String.IsEmpty(Container(9996).ListItem.Art(clearlogo))">$INFO[Container(9996).ListItem.Art(clearlogo)]</value>
		
		<value condition="ControlGroup(700).HasFocus + String.IsEmpty(Container(300).ListItem.Property(widgetDisableFanart))"></value>
		
		<!-- Main Menu Background Logo -->
		<value condition="String.IsEqual(Container(300).ListItem.Property(background),Kodi.Movie.Fanart) + !String.IsEmpty(Container(12341).ListItem.Art(clearlogo))">$INFO[Container(12341).ListItem.Art(clearlogo)]</value>
        <value condition="String.IsEqual(Container(300).ListItem.Property(background),Kodi.TV.Fanart) + !String.IsEmpty(Container(12342).ListItem.Art(tvshow.clearlogo))">$INFO[Container(12342).ListItem.Art(tvshow.clearlogo)]</value>
		<value condition="String.IsEqual(Container(300).ListItem.Property(background),Kodi.TV.Fanart) + !String.IsEmpty(Container(12342).ListItem.Art(clearlogo))">$INFO[Container(12342).ListItem.Art(clearlogo)]</value>
        <value condition="String.IsEqual(Container(300).ListItem.Property(background),Kodi.Video.Fanart) + !String.IsEmpty(Container(12346).ListItem.Art(tvshow.clearlogo))">$INFO[Container(12346).ListItem.Art(tvshow.clearlogo)]</value>
		<value condition="String.IsEqual(Container(300).ListItem.Property(background),Kodi.Video.Fanart) + !String.IsEmpty(Container(12346).ListItem.Art(clearlogo))">$INFO[Container(12346).ListItem.Art(clearlogo)]</value>
        <value condition="String.IsEqual(Container(300).ListItem.Property(background),Kodi.Global.Fanart) + !String.IsEmpty(Container(12347).ListItem.Art(tvshow.clearlogo))">$INFO[Container(12347).ListItem.Art(tvshow.clearlogo)]</value>
		<value condition="String.IsEqual(Container(300).ListItem.Property(background),Kodi.Global.Fanart) + !String.IsEmpty(Container(12347).ListItem.Art(clearlogo))">$INFO[Container(12347).ListItem.Art(clearlogo)]</value>
		<value condition="String.IsEqual(Container(300).ListItem.Property(background),Kodi.Music.Fanart) + !String.IsEmpty(Container(12345).ListItem.Art(clearlogo))">$INFO[Container(12345).ListItem.Art(clearlogo)]</value>
		
		<value condition="String.IsEqual(Container(300).ListItem.Property(background),Movie.Fanart) + System.HasAddon(script.embuary.helper)">$INFO[Window(home).Property(EmbuaryBackgroundMovies.Clearlogo)]</value>
		<value condition="String.IsEqual(Container(300).ListItem.Property(background),TV.Fanart) + System.HasAddon(script.embuary.helper)">$INFO[Window(home).Property(EmbuaryBackgroundTVShows.Clearlogo)]</value>
        <value condition="String.IsEqual(Container(300).ListItem.Property(background),Video.Fanart) + System.HasAddon(script.embuary.helper)">$INFO[Window(home).Property(EmbuaryBackgroundVideos.Clearlogo)]</value>
		<value condition="String.IsEqual(Container(300).ListItem.Property(background),MusicVideo.Fanart) + System.HasAddon(script.embuary.helper)">$INFO[Window(home).Property(EmbuaryBackgroundMusicVideos.Clearlogo)]</value>
		<value condition="String.IsEqual(Container(300).ListItem.Property(background),Global.Fanart) + System.HasAddon(script.embuary.helper)">$INFO[Window(home).Property(EmbuaryBackground.Clearlogo)]</value>
		<value condition="String.IsEqual(Container(300).ListItem.Property(background),Music.Fanart) + System.HasAddon(script.embuary.helper)">$INFO[Window(home).Property(EmbuaryBackgroundMusic.Clearlogo)]</value>
		
        <value condition="String.IsEqual(Container(300).ListItem.Property(background),playlistBackground) + [!String.IsEqual(Container(300).ListItem.Property(EHPlaylistFanart),true) | !System.HasAddon(script.embuary.helper)] + !String.IsEmpty(Container(9988).ListItem.Art(tvshow.clearlogo))">$INFO[Container(9988).ListItem.Art(tvshow.clearlogo)]</value>
		<value condition="String.IsEqual(Container(300).ListItem.Property(background),playlistBackground) + [!String.IsEqual(Container(300).ListItem.Property(EHPlaylistFanart),true) | !System.HasAddon(script.embuary.helper)] + !String.IsEmpty(Container(9988).ListItem.Art(clearlogo))">$INFO[Container(9988).ListItem.Art(clearlogo)]</value>
		<value condition="String.IsEqual(Container(300).ListItem.Property(background),playlistBackground) + String.IsEqual(Container(300).ListItem.Property(EHPlaylistFanart),true) + System.HasAddon(script.embuary.helper) + !String.IsEmpty(Container(9989).ListItem.Art(clearlogo))">$INFO[Container(9989).ListItem.Art(clearlogo)]</value>
		
		<value condition="String.IsEqual(Container(300).ListItem.Property(background),nodeBackground) + [!String.IsEqual(Container(300).ListItem.Property(EHPlaylistFanart),true) | !System.HasAddon(script.embuary.helper)] + !String.IsEmpty(Container(9990).ListItem.Art(clearlogo))">$INFO[Container(9990).ListItem.Art(clearlogo)]</value>
		<value condition="String.IsEqual(Container(300).ListItem.Property(background),nodeBackground) + String.IsEqual(Container(300).ListItem.Property(EHPlaylistFanart),true) + System.HasAddon(script.embuary.helper) + !String.IsEmpty(Container(9992).ListItem.Art(clearlogo))">$INFO[Container(9992).ListItem.Art(clearlogo)]</value>
    </variable>
	
	<variable name="LibraryStats">
        <value condition="String.IsEqual(Container(300).ListItem.Property(InfoLine),movies)">$LOCALIZE[20342]: [COLOR=$VAR[HighlightColor]]$INFO[Window(Home).Property(Movies.Count)][/COLOR]  •  $LOCALIZE[16102]: [COLOR=$VAR[HighlightColor]]$INFO[Window(Home).Property(Movies.Watched)][/COLOR]  •  $LOCALIZE[32260]: [COLOR=$VAR[HighlightColor]]$INFO[Window(Home).Property(Movies.UnWatched)][/COLOR]</value>
        <value condition="String.IsEqual(Container(300).ListItem.Property(InfoLine),tvshows)">$LOCALIZE[20343]: [COLOR=$VAR[HighlightColor]]$INFO[Window(Home).Property(TVShows.Count)][/COLOR]  •  $LOCALIZE[20360]: [COLOR=$VAR[HighlightColor]]$INFO[Window(Home).Property(Episodes.Count)][/COLOR]  •  $LOCALIZE[32260]: [COLOR=$VAR[HighlightColor]]$INFO[Window(Home).Property(Episodes.UnWatched)][/COLOR]</value>
        <value condition="String.IsEqual(Container(300).ListItem.Property(InfoLine),music)">$LOCALIZE[133]: [COLOR=$VAR[HighlightColor]]$INFO[Window(Home).Property(Music.ArtistsCount)][/COLOR]  •  $LOCALIZE[132]: [COLOR=$VAR[HighlightColor]]$INFO[Window(Home).Property(Music.AlbumsCount)][/COLOR]  •  $LOCALIZE[134]: [COLOR=$VAR[HighlightColor]]$INFO[Window(Home).Property(Music.SongsCount)][/COLOR]</value>
        <value condition="String.IsEqual(Container(300).ListItem.Property(InfoLine),musicvideos)">$LOCALIZE[20389]: [COLOR=$VAR[HighlightColor]]$INFO[Window(Home).Property(MusicVideos.Count)][/COLOR]  •  $LOCALIZE[16102]: [COLOR=$VAR[HighlightColor]]$INFO[Window(Home).Property(MusicVideos.Watched)][/COLOR]  •  $LOCALIZE[32260]: [COLOR=$VAR[HighlightColor]]$INFO[Window(Home).Property(MusicVideos.UnWatched)][/COLOR]</value>
        <value condition="String.IsEqual(Container(300).ListItem.Property(InfoLine),videos)">$LOCALIZE[20342]: [COLOR=$VAR[HighlightColor]]$INFO[Window(Home).Property(Movies.Count)][/COLOR]  •  $LOCALIZE[20343]: [COLOR=$VAR[HighlightColor]]$INFO[Window(Home).Property(TVShows.Count)][/COLOR]  •  $LOCALIZE[20389]: [COLOR=$VAR[HighlightColor]]$INFO[Window(Home).Property(MusicVideos.Count)][/COLOR]</value>
        <value condition="String.IsEqual(Container(300).ListItem.Property(InfoLine),moviestvshows)">$LOCALIZE[20342]: [COLOR=$VAR[HighlightColor]]$INFO[Window(Home).Property(Movies.Count)][/COLOR]  •  $LOCALIZE[20343]: [COLOR=$VAR[HighlightColor]]$INFO[Window(Home).Property(TVShows.Count)][/COLOR]</value>
        <value condition="String.IsEqual(Container(300).ListItem.Property(InfoLine),pvr) + PVR.IsRecording">$LOCALIZE[19043]: [COLOR=$VAR[HighlightColor]]$INFO[Pvr.NowRecordingTitle][/COLOR]</value>
        <value condition="String.IsEqual(Container(300).ListItem.Property(InfoLine),pvr) + PVR.HasNonRecordingTimer">$LOCALIZE[209]: [COLOR=$VAR[HighlightColor]]$INFO[Pvr.NextRecordingTitle][/COLOR]  •  [COLOR=$VAR[HighlightColor]]$INFO[Pvr.NextRecordingDateTime][/COLOR]</value>
        <value condition="String.IsEqual(Container(300).ListItem.Property(InfoLine),pvr)">$LOCALIZE[31409]: [COLOR=$VAR[HighlightColor]]$INFO[Pvr.BackendChannels] $LOCALIZE[14301][/COLOR] $LOCALIZE[19017]: [COLOR=$VAR[HighlightColor]]$INFO[PVR.BackendRecordings][/COLOR]</value>
        <value condition="String.IsEqual(Container(300).ListItem.Property(InfoLine),weather)">$INFO[Weather.Location]  [COLOR=$VAR[HighlightColor]]$INFO[Weather.Conditions][/COLOR]</value>
        <value condition="String.IsEqual(Container(300).ListItem.Property(InfoLine),addons)">$LOCALIZE[24001]: [COLOR=$VAR[HighlightColor]]$INFO[Container(9985).NumItems][/COLOR]</value>
        <value condition="String.IsEqual(Container(300).ListItem.Property(InfoLine),videoaddons)">$LOCALIZE[1037]: [COLOR=$VAR[HighlightColor]]$INFO[Container(9980).NumItems][/COLOR]</value>
        <value condition="String.IsEqual(Container(300).ListItem.Property(InfoLine),musicaddons)">$LOCALIZE[1038]: [COLOR=$VAR[HighlightColor]]$INFO[Container(9981).NumItems][/COLOR]</value>
        <value condition="String.IsEqual(Container(300).ListItem.Property(InfoLine),programaddons)">$LOCALIZE[1043]: [COLOR=$VAR[HighlightColor]]$INFO[Container(9982).NumItems][/COLOR]</value>
        <value condition="String.IsEqual(Container(300).ListItem.Property(InfoLine),pictureaddons)">$LOCALIZE[1039]: [COLOR=$VAR[HighlightColor]]$INFO[Container(9983).NumItems][/COLOR]</value>
        <value condition="String.IsEqual(Container(300).ListItem.Property(InfoLine),gameaddons)">$LOCALIZE[35049]: [COLOR=$VAR[HighlightColor]]$INFO[Container(9984).NumItems][/COLOR]</value>
        <value condition="String.IsEqual(Container(300).ListItem.Property(InfoLine),favourites)">$LOCALIZE[1036]: [COLOR=$VAR[HighlightColor]]$INFO[Window(Home).Property(favourite.count)][/COLOR]</value>
        <value condition="String.IsEqual(Container(300).ListItem.Property(InfoLine),disc) + System.HasMediadvd">$LOCALIZE[427]: [COLOR=$VAR[HighlightColor]]$INFO[System.DVDLabel][/COLOR]</value>
        <value condition="String.IsEqual(Container(300).ListItem.Property(InfoLine),disc) + !System.HasMediadvd">$LOCALIZE[427]: [COLOR=$VAR[HighlightColor]]$LOCALIZE[504][/COLOR]</value>
        <value condition="String.IsEqual(Container(300).ListItem.Property(InfoLine),systeminfo)">$LOCALIZE[31415]: [COLOR=$VAR[HighlightColor]]$INFO[System.memory(used.percent)][/COLOR]  •  $LOCALIZE[31416]: [COLOR=$VAR[HighlightColor]]$INFO[System.CPUUsage][/COLOR]</value>
        <value condition="String.IsEqual(Container(300).ListItem.Property(InfoLine),movieplaylist)">$LOCALIZE[20342]: [COLOR=$VAR[HighlightColor]]$INFO[Window(Home).Property(PlaylistStats_Count)][/COLOR]  •  $LOCALIZE[16102]: [COLOR=$VAR[HighlightColor]]$INFO[Window(Home).Property(PlaylistStats_Watched)][/COLOR]  •  $LOCALIZE[32260]: [COLOR=$VAR[HighlightColor]]$INFO[Window(Home).Property(PlaylistStats_Unwatched)][/COLOR]  •  $LOCALIZE[575]: [COLOR=$VAR[HighlightColor]]$INFO[Window(Home).Property(PlaylistStats_InProgress)][/COLOR]</value>
        <value condition="String.IsEqual(Container(300).ListItem.Property(InfoLine),tvshowplaylist)">$LOCALIZE[20343]: [COLOR=$VAR[HighlightColor]]$INFO[Window(Home).Property(PlaylistStats_TVShowCount)][/COLOR]</value>
        <value condition="String.IsEqual(Container(300).ListItem.Property(InfoLine),musicvideoplaylist)">$LOCALIZE[20389]: $INFO[Window(Home).Property(PlaylistStats_Count)][COLOR=$VAR[HighlightColor]]  •  [/COLOR]$LOCALIZE[16102]: [COLOR=$VAR[HighlightColor]]$INFO[Window(Home).Property(PlaylistStats_Watched)][/COLOR]  •  $LOCALIZE[32260]: [COLOR=$VAR[HighlightColor]]$INFO[Window(Home).Property(PlaylistStats_Unwatched)][/COLOR]  •  $LOCALIZE[575]: [COLOR=$VAR[HighlightColor]]$INFO[Window(Home).Property(PlaylistStats_InProgress)][/COLOR]</value>
        <value condition="String.IsEqual(Container(300).ListItem.Property(InfoLine),episodeplaylist)">$LOCALIZE[20343]: $INFO[Window(Home).Property(PlaylistStats_TVShowCount)][COLOR=$VAR[HighlightColor]]  •  [/COLOR]$LOCALIZE[20360]: [COLOR=$VAR[HighlightColor]]$INFO[Window(Home).Property(PlaylistStats_Episodes)][/COLOR]  •  $LOCALIZE[32260]: [COLOR=$VAR[HighlightColor]]$INFO[Window(Home).Property(PlaylistStats_UnwatchedEpisodes)][/COLOR]</value>
		
		<value condition="String.IsEqual(Container(300).ListItem.Property(InfoLine),movienode)">$LOCALIZE[20342]: [COLOR=$VAR[HighlightColor]]$INFO[Container(9991).NumItems][/COLOR]</value>
        <value condition="String.IsEqual(Container(300).ListItem.Property(InfoLine),tvshownode)">$LOCALIZE[20343]: [COLOR=$VAR[HighlightColor]]$INFO[Container(9991).NumItems][/COLOR]</value>
        <value condition="String.IsEqual(Container(300).ListItem.Property(InfoLine),musicvideonode)">$LOCALIZE[20389]: [COLOR=$VAR[HighlightColor]]$INFO[Container(9991).NumItems][/COLOR]</value>
		<value condition="String.IsEqual(Container(300).ListItem.Property(InfoLine),artistnode)">$LOCALIZE[133]: [COLOR=$VAR[HighlightColor]]$INFO[Container(9991).NumItems][/COLOR]</value>
		<value condition="String.IsEqual(Container(300).ListItem.Property(InfoLine),albumnode)">$LOCALIZE[132]: [COLOR=$VAR[HighlightColor]]$INFO[Container(9991).NumItems][/COLOR]</value>
		<value condition="String.IsEqual(Container(300).ListItem.Property(InfoLine),songnode)">$LOCALIZE[134]: [COLOR=$VAR[HighlightColor]]$INFO[Container(9991).NumItems][/COLOR]</value>
		
		<value></value>
    </variable>
	
	<variable name="TVShows.Art" description="Calculate BG to show">
        <value condition="!String.IsEmpty(Skin.String(TVShows.Background))">$INFO[Skin.String(TVShows.Background)]</value>
        <value>special://skin/backgrounds/TVShows.jpg</value>
    </variable>
    <variable name="Movies.Art" description="Calculate BG to show">
        <value condition="!String.IsEmpty(Skin.String(Movies.Background))">$INFO[Skin.String(Movies.Background)]</value>
        <value>special://skin/backgrounds/Movies.jpg</value>
    </variable>
    <variable name="MusicVideos.Art" description="Calculate BG to show">
        <value condition="!String.IsEmpty(Skin.String(MusicVideos.Background))">$INFO[Skin.String(MusicVideos.Background)]</value>
        <value>special://skin/backgrounds/MusicVideos.jpg</value>
    </variable>
    <variable name="Videos.Art" description="Calculate BG to show">
        <value condition="!String.IsEmpty(Skin.String(Videos.Background))">$INFO[Skin.String(Videos.Background)]</value>
        <value>special://skin/backgrounds/Videos.jpg</value>
    </variable>
    <variable name="Music.Art" description="Calculate BG to show">
        <value condition="!String.IsEmpty(Skin.String(Music.Background))">$INFO[Skin.String(Music.Background)]</value>
        <value>special://skin/backgrounds/Music.jpg</value>
    </variable>
    <variable name="Pictures.Art" description="Calculate BG to show">
        <value condition="!String.IsEmpty(Skin.String(Pictures.Background))">$INFO[Skin.String(Pictures.Background)]</value>
        <value>special://skin/backgrounds/Pictures.jpg</value>
    </variable>
    <variable name="Weather.Art" description="Calculate BG to show">
        <value condition="!String.IsEmpty(Skin.String(Weather.Background))">$INFO[Skin.String(Weather.Background)]</value>
        <value>special://skin/backgrounds/Weather.jpg</value>
    </variable>
    <variable name="Favourites.Art" description="Calculate BG to show">
        <value condition="!String.IsEmpty(Skin.String(Favourites.Background))">$INFO[Skin.String(Favourites.Background)]</value>
        <value>special://skin/backgrounds/Favourites.jpg</value>
    </variable>
    <variable name="Addons.Art" description="Calculate BG to show">
        <value condition="!String.IsEmpty(Skin.String(Addons.Background))">$INFO[Skin.String(Addons.Background)]</value>
        <value>special://skin/backgrounds/Addons.jpg</value>
    </variable>
    <variable name="Settings.Art" description="Calculate BG to show">
        <value condition="!String.IsEmpty(Skin.String(Settings.Background))">$INFO[Skin.String(Settings.Background)]</value>
        <value>special://skin/backgrounds/Settings.jpg</value>
    </variable>
    <variable name="Pvr.Art" description="Calculate BG to show">
        <value condition="!String.IsEmpty(Skin.String(TV.Background))">$INFO[Skin.String(TV.Background)]</value>
        <value>special://skin/backgrounds/TV.jpg</value>
    </variable>
    <variable name="Radio.Art" description="Calculate BG to show">
        <value condition="!String.IsEmpty(Skin.String(Radio.Background))">$INFO[Skin.String(Radio.Background)]</value>
        <value>special://skin/backgrounds/Radio.jpg</value>
    </variable>
    <variable name="DVD.Art" description="Calculate BG to show">
        <value condition="!String.IsEmpty(Skin.String(DVD.Background))">$INFO[Skin.String(DVD.Background)]</value>
        <value>special://skin/backgrounds/DVD.jpg</value>
    </variable>
    <variable name="Quit.Art" description="Calculate BG to show">
        <value condition="!String.IsEmpty(Skin.String(Quit.Background))">$INFO[Skin.String(Quit.Background)]</value>
        <value>special://skin/backgrounds/Quit.jpg</value>
    </variable>
    <variable name="Games.Art" description="Calculate BG to show">
        <value condition="!String.IsEmpty(Skin.String(Games.Background))">$INFO[Skin.String(Games.Background)]</value>
        <value>special://skin/backgrounds/Games.jpg</value>
    </variable>
    <variable name="Search.Art" description="Calculate BG to show">
        <value condition="!String.IsEmpty(Skin.String(Search.Background))">$INFO[Skin.String(Search.Background)]</value>
        <value>special://skin/backgrounds/Search.jpg</value>
    </variable>

    <variable name="MusicInfoBackground">
        <value condition="!String.IsEmpty(ListItem.Art(fanart))">$INFO[ListItem.Art(fanart)]</value>
        <value>$VAR[Music.Art]</value>
    </variable>

    <variable name="AddonInfoBackground">
        <value condition="!String.IsEmpty(ListItem.Art(fanart))">$INFO[ListItem.Art(fanart)]</value>
        <value>$VAR[Addons.Art]</value>
    </variable>

    <variable name="PictureInfoBackground">
        <value condition="!String.IsEmpty(ListItem.FolderPath)">$INFO[ListItem.FolderPath]</value>
        <value>$VAR[Addons.Art]</value>
    </variable>

    <variable name="TVInfoBackground">
        <value condition="!String.IsEmpty(ListItem.Art(fanart))">$INFO[ListItem.Art(fanart)]</value>
        <value>$VAR[Pvr.Art]</value>
    </variable>

    <variable name="Fanart.Art">
        <value condition="Window.IsActive(pictures) + !String.IsEmpty(ListItem.Art(fanart))">$INFO[ListItem.Art(fanart)]</value>
        <value condition="Window.IsActive(pictures) + !String.Contains(ListItem.Icon,Default)">$INFO[ListItem.Icon]</value>
        <value condition="!String.IsEmpty(ListItem.Art(fanart))">$INFO[ListItem.Art(fanart)]</value>
        <value condition="!String.IsEmpty(ListItem.Property(FanArt))">$INFO[ListItem.Property(FanArt)]</value>
        <value condition="!String.IsEmpty(Container.Art(tvshow.fanart))">$INFO[Container.Art(tvshow.fanart)]</value>
        <value condition="!String.IsEmpty(Container.Art(artist.fanart))">$INFO[Container.Art(artist.fanart)]</value>
        <value condition="!String.IsEmpty(Container.Art(fanart))">$INFO[Container.Art(fanart)]</value>
        <value>$VAR[SubDefaultBackground]</value>
    </variable>

    <variable name="SubBackground">
		<value condition="Window.IsActive(service-LibreELEC-Settings-mainWindow.xml)">special://skin/backgrounds/LibreELEC.jpg</value>
		<value condition="Window.IsVisible(Custom_1136_TMDbTVGuide.xml) | Window.IsVisible(Custom_1137_EmbInfoTVGuide.xml)">special://skin/backgrounds/Default.jpg</value>
		<value condition="[Window.IsVisible(script-embuary-person.xml)] + !String.IsEmpty(Container(2003).ListItem.Icon) + !Container.OnNext + !Container.OnPrevious">$INFO[Container(2003).ListItem.Icon]</value>
        <value condition="!Skin.HasSetting(Sub_FanArtBG)">$VAR[SubDefaultBackground]</value>
        <value condition="!String.IsEmpty(Control.GetLabel(4411)) + Skin.HasSetting(SkinHelper.EnableExtraFanart)">$INFO[Control.GetLabel(4411)]</value>
		<value condition="!String.IsEmpty(Control.GetLabel(4410)) + Skin.HasSetting(SkinHelper.EnableExtraFanart)">$INFO[Control.GetLabel(4410)]</value>
        <value condition="Window.IsVisible(MyVideoNav.xml) + Skin.HasSetting(ShowSpecialFanart) + [Container.Content(actors) | Container.Content(directors) | Container.Content(years) | Container.Content(countries) | 
		                                                      Container.Content(tags) | Container.Content(genres) | Container.Content(studios)] + !String.IsEmpty(Container(4451).ListItem.Art(fanart))">$INFO[Container(4451).ListItem.Art(fanart)]</value>
		<value>$VAR[Fanart.Art]</value>
    </variable>

    <variable name="SubDefaultBackground">
        <value condition="Skin.HasSetting(Sub_DefaultBG) + !String.IsEmpty(Skin.String(Default.Background))">$INFO[Skin.String(Default.Background)]</value>
        <value condition="Skin.HasSetting(Sub_DefaultBG)">special://skin/backgrounds/Default.jpg</value>
        <value condition="!Skin.HasSetting(Sub_DefaultBG) + !String.IsEmpty(Skin.String(FocusedMenu.Background)) + String.IsEqual(Skin.String(FocusedMenu.Background),Kodi.Movie.Fanart)">$INFO[Container(12341).ListItem.Art(fanart)]</value>
        <value condition="!Skin.HasSetting(Sub_DefaultBG) + !String.IsEmpty(Skin.String(FocusedMenu.Background)) + String.IsEqual(Skin.String(FocusedMenu.Background),Kodi.TV.Fanart)">$INFO[Container(12342).ListItem.Art(fanart)]</value>
        <value condition="!Skin.HasSetting(Sub_DefaultBG) + !String.IsEmpty(Skin.String(FocusedMenu.Background)) + String.IsEqual(Skin.String(FocusedMenu.Background),Kodi.Video.Fanart)">$INFO[Container(12346).ListItem.Art(fanart)]</value>
        <value condition="!Skin.HasSetting(Sub_DefaultBG) + !String.IsEmpty(Skin.String(FocusedMenu.Background)) + String.IsEqual(Skin.String(FocusedMenu.Background),Kodi.Music.Fanart)">$INFO[Container(12345).ListItem.Art(fanart)]</value>
        <value condition="!Skin.HasSetting(Sub_DefaultBG) + !String.IsEmpty(Skin.String(FocusedMenu.Background)) + String.IsEqual(Skin.String(FocusedMenu.Background),Kodi.Global.Fanart)">$INFO[Container(12347).ListItem.Art(fanart)]</value>
        <value condition="!Skin.HasSetting(Sub_DefaultBG) + !String.IsEmpty(Skin.String(FocusedMenu.Background)) + String.IsEqual(Skin.String(FocusedMenu.Background),Weather.Fanart)">$INFO[Skin.String(weatherfanartResource.path)]$INFO[Window(Weather).Property(Current.FanartCode)]$VAR[WeatherBackgroundExt]</value>
		<value condition="!Skin.HasSetting(Sub_DefaultBG) + !String.IsEmpty(Skin.String(FocusedMenu.Background)) + String.IsEqual(Skin.String(FocusedMenu.Background),nodeBackground)">$INFO[Container(9990).ListItem.Art(fanart)]</value>
        <value condition="!Skin.HasSetting(Sub_DefaultBG) + !String.IsEmpty(Skin.String(FocusedMenu.Background)) + !String.IsEmpty(Skin.String(FocusedMenu.BackgroundPlaylist)) + [!String.IsEqual(Container(300).ListItem.Property(EHPlaylistFanart),true) | !System.HasAddon(script.embuary.helper)] + !String.IsEmpty(Container(9988).ListItem.Art(fanart))">$INFO[Container(9988).ListItem.Art(fanart)]</value>
		<value condition="!Skin.HasSetting(Sub_DefaultBG) + !String.IsEmpty(Skin.String(FocusedMenu.Background)) + !String.IsEmpty(Skin.String(FocusedMenu.BackgroundPlaylist)) + [!String.IsEqual(Container(300).ListItem.Property(EHPlaylistFanart),true) | !System.HasAddon(script.embuary.helper)] + String.IsEmpty(Container(9988).ListItem.Art(fanart))">$INFO[Skin.String(FocusedMenu.Background)]</value>
		<value condition="!Skin.HasSetting(Sub_DefaultBG) + !String.IsEmpty(Skin.String(FocusedMenu.Background)) + !String.IsEmpty(Skin.String(FocusedMenu.BackgroundPlaylist)) + [String.IsEqual(Container(300).ListItem.Property(EHPlaylistFanart),true) + System.HasAddon(script.embuary.helper)] + !String.IsEmpty(Container(9989).ListItem.Art(fanart))">$INFO[Container(9989).ListItem.Art(fanart)]</value>
		<value condition="!Skin.HasSetting(Sub_DefaultBG) + !String.IsEmpty(Skin.String(FocusedMenu.Background)) + !String.IsEmpty(Skin.String(FocusedMenu.BackgroundPlaylist)) + [String.IsEqual(Container(300).ListItem.Property(EHPlaylistFanart),true) + System.HasAddon(script.embuary.helper)] + String.IsEmpty(Container(9989).ListItem.Art(fanart))">$INFO[Skin.String(FocusedMenu.Background)]</value>
        <value condition="!Skin.HasSetting(Sub_DefaultBG) + !String.IsEmpty(Skin.String(FocusedMenu.Background)) + String.IsEmpty(Skin.String(FocusedMenu.BackgroundPlaylist))">$INFO[Skin.String(FocusedMenu.Background)]</value>
        <value>special://skin/backgrounds/Default.jpg</value>
    </variable>

    <variable name="HomeBackground">
        <value condition="!Skin.HasSetting(Home_DefaultBG) + [ControlGroup(700).HasFocus + [!String.IsEmpty(Container(300).ListItem.Property(WidgetType)) + String.IsEmpty(ListItem.Property(recommendedtvshowtitle)) + String.IsEmpty(ListItem.Property(nextairedtvshowtitle))] + !String.IsEmpty(Container.ListItem.Art(fanart)) + $EXP[WidgetFanartVisible]]">$INFO[Container.ListItem.Art(fanart)]</value>
        <value condition="!Skin.HasSetting(Home_DefaultBG) + [ControlGroup(700).HasFocus + !String.IsEmpty(ListItem.Property(nextairedtvshowtitle)) + !String.IsEmpty(ListItem.Property(nextairedfanart)) + $EXP[WidgetFanartVisible]]">$INFO[ListItem.Property(nextairedfanart)]</value>
        <value condition="!Skin.HasSetting(Home_DefaultBG) + [ControlGroup(700).HasFocus + !String.IsEmpty(ListItem.Property(recommendedtvshowtitle)) + !String.IsEmpty(ListItem.Property(recommendedfanart)) + $EXP[WidgetFanartVisible]]">$INFO[ListItem.Property(recommendedfanart)]</value>
        
		<value condition="!Skin.HasSetting(Home_DefaultBG) + [ControlGroup(700).HasFocus + String.IsEqual(Container(300).ListItem.Property(widgetType),custom) + !String.IsEmpty(Container.ListItem.Property(background)) + String.IsEmpty(Container.ListItem.Property(backgroundPlaylist)) + $EXP[WidgetFanartVisible]]">$INFO[Container.ListItem.Property(background)]</value>
        <value condition="!Skin.HasSetting(Home_DefaultBG) + [ControlGroup(700).HasFocus + String.IsEqual(Container(300).ListItem.Property(widgetType),custom) + !String.IsEmpty(Container.ListItem.Property(background)) + !String.IsEmpty(Container.ListItem.Property(backgroundPlaylist)) + [!String.IsEqual(Container.ListItem.Property(EHPlaylistFanart),true) | !System.HasAddon(script.embuary.helper)] + $EXP[WidgetFanartVisible]]">$INFO[Container(9993).ListItem.Art(fanart)]</value>
		<value condition="!Skin.HasSetting(Home_DefaultBG) + [ControlGroup(700).HasFocus + String.IsEqual(Container(300).ListItem.Property(widgetType),custom) + !String.IsEmpty(Container.ListItem.Property(background)) + !String.IsEmpty(Container.ListItem.Property(backgroundPlaylist)) + [String.IsEqual(Container.ListItem.Property(EHPlaylistFanart),true) + System.HasAddon(script.embuary.helper)] + $EXP[WidgetFanartVisible]]">$INFO[Container(9994).ListItem.Art(fanart)]</value>
		
		<value condition="!Skin.HasSetting(Home_DefaultBG) + [ControlGroup(700).HasFocus + String.IsEqual(Container(300).ListItem.Property(widgetType),custom) + String.IsEqual(Container.ListItem.Property(background),nodeBackground) + [!String.IsEqual(Container.ListItem.Property(EHPlaylistFanart),true) | !System.HasAddon(script.embuary.helper)] + $EXP[WidgetFanartVisible]]">$INFO[Container(9995).ListItem.Art(fanart)]</value>
		<value condition="!Skin.HasSetting(Home_DefaultBG) + [ControlGroup(700).HasFocus + String.IsEqual(Container(300).ListItem.Property(widgetType),custom) + String.IsEqual(Container.ListItem.Property(background),nodeBackground) + String.IsEqual(Container.ListItem.Property(EHPlaylistFanart),true) + System.HasAddon(script.embuary.helper) + $EXP[WidgetFanartVisible]]">$INFO[Container(9996).ListItem.Art(fanart)]</value>
		
		<value condition="Skin.HasSetting(Home_DefaultBG) + !String.IsEmpty(Skin.String(Default.Background))">$INFO[Skin.String(Default.Background)]</value>
        <value condition="Skin.HasSetting(Home_DefaultBG)">special://skin/backgrounds/Default.jpg</value>
        
		<value condition="String.IsEqual(Container(300).ListItem.Property(background),Kodi.Movie.Fanart)">$INFO[Container(12341).ListItem.Art(fanart)]</value>
        <value condition="String.IsEqual(Container(300).ListItem.Property(background),Kodi.TV.Fanart)">$INFO[Container(12342).ListItem.Art(fanart)]</value>
        <value condition="String.IsEqual(Container(300).ListItem.Property(background),Kodi.Video.Fanart)">$INFO[Container(12346).ListItem.Art(fanart)]</value>
        <value condition="String.IsEqual(Container(300).ListItem.Property(background),Kodi.Music.Fanart)">$INFO[Container(12345).ListItem.Art(fanart)]</value>
        <value condition="String.IsEqual(Container(300).ListItem.Property(background),Kodi.Global.Fanart)">$INFO[Container(12347).ListItem.Art(fanart)]</value>
        
		<value condition="String.IsEqual(Container(300).ListItem.Property(background),Weather.Fanart)">$INFO[Skin.String(weatherfanartResource.path)]$INFO[Window(Weather).Property(Current.FanartCode)]$VAR[WeatherBackgroundExt]</value>
        
		<value condition="String.IsEqual(Container(300).ListItem.Property(background),Movie.Fanart) + System.HasAddon(script.embuary.helper)">$INFO[Window(home).Property(EmbuaryBackgroundMovies)]</value>
		<value condition="String.IsEqual(Container(300).ListItem.Property(background),TV.Fanart) + System.HasAddon(script.embuary.helper)">$INFO[Window(home).Property(EmbuaryBackgroundTVShows)]</value>
        <value condition="String.IsEqual(Container(300).ListItem.Property(background),Video.Fanart) + System.HasAddon(script.embuary.helper)">$INFO[Window(home).Property(EmbuaryBackgroundVideos)]</value>
		<value condition="String.IsEqual(Container(300).ListItem.Property(background),MusicVideo.Fanart) + System.HasAddon(script.embuary.helper)">$INFO[Window(home).Property(EmbuaryBackgroundMusicVideos)]</value>
		<value condition="String.IsEqual(Container(300).ListItem.Property(background),Global.Fanart) + System.HasAddon(script.embuary.helper)">$INFO[Window(home).Property(EmbuaryBackground)]</value>
		<value condition="String.IsEqual(Container(300).ListItem.Property(background),Music.Fanart) + System.HasAddon(script.embuary.helper)">$INFO[Window(home).Property(EmbuaryBackgroundMusic)]</value>
		
		<value condition="String.IsEqual(Container(300).ListItem.Property(background),nodeBackground) + [!String.IsEqual(Container(300).ListItem.Property(EHPlaylistFanart),true) | !System.HasAddon(script.embuary.helper)]">$INFO[Container(9990).ListItem.Art(fanart)]</value>
		<value condition="String.IsEqual(Container(300).ListItem.Property(background),nodeBackground) + String.IsEqual(Container(300).ListItem.Property(EHPlaylistFanart),true) + System.HasAddon(script.embuary.helper)">$INFO[Container(9992).ListItem.Art(fanart)]</value>
		
		<value condition="!String.IsEmpty(Container(300).ListItem.Property(background)) + String.IsEmpty(Container(300).ListItem.Property(backgroundPlaylist))">$INFO[Container(300).ListItem.Property(background)]</value>
        <value condition="!String.IsEmpty(Container(300).ListItem.Property(background)) + !String.IsEmpty(Container(300).ListItem.Property(backgroundPlaylist)) + [!String.IsEqual(Container(300).ListItem.Property(EHPlaylistFanart),true) | !System.HasAddon(script.embuary.helper)]">$INFO[Container(9988).ListItem.Art(fanart)]</value>
		<value condition="!String.IsEmpty(Container(300).ListItem.Property(background)) + !String.IsEmpty(Container(300).ListItem.Property(backgroundPlaylist)) + [String.IsEqual(Container(300).ListItem.Property(EHPlaylistFanart),true) + System.HasAddon(script.embuary.helper)]">$INFO[Container(9989).ListItem.Art(fanart)]</value>
	</variable>

    <variable name="FanartTitleVar">
        <value condition="ControlGroup(700).HasFocus + !String.IsEmpty(ListItem.Artist) + $EXP[WidgetFanartVisible]">$INFO[ListItem.Artist]</value>
		<value condition="ControlGroup(700).HasFocus + [!String.IsEmpty(Container(300).ListItem.Property(WidgetType)) + String.IsEmpty(ListItem.Property(recommendedtvshowtitle)) + String.IsEmpty(ListItem.Property(nextairedtvshowtitle))] + !String.IsEmpty(ListItem.TVShowTitle) + $EXP[WidgetFanartVisible]">$INFO[ListItem.TVShowTitle]</value>
        <value condition="ControlGroup(700).HasFocus + [!String.IsEmpty(Container(300).ListItem.Property(WidgetType)) + String.IsEmpty(ListItem.Property(recommendedtvshowtitle)) + String.IsEmpty(ListItem.Property(nextairedtvshowtitle))] + !String.IsEmpty(Container.ListItem.Art(fanart)) + $EXP[WidgetFanartVisible]">$INFO[Container.ListItem.Title]</value>
        <value condition="ControlGroup(700).HasFocus + !String.IsEmpty(ListItem.Property(nextairedtvshowtitle)) + !String.IsEmpty(ListItem.Property(nextairedfanart)) + $EXP[WidgetFanartVisible]">$INFO[ListItem.Property(nextairedtvshowtitle)]</value>
        <value condition="ControlGroup(700).HasFocus + !String.IsEmpty(ListItem.Property(recommendedtvshowtitle)) + !String.IsEmpty(ListItem.Property(recommendedfanart)) + $EXP[WidgetFanartVisible]">$INFO[ListItem.Property(recommendedtvshowtitle)]</value>
        
		<value condition="String.IsEmpty(Container(300).ListItem.Property(widgetDisableFanart)) + ControlGroup(700).HasFocus + String.IsEqual(Container(300).ListItem.Property(widgetType),custom) + String.IsEqual(Container.ListItem.Property(background),playlistBackground) + [!String.IsEqual(Container.ListItem.Property(EHPlaylistFanart),true) | !System.HasAddon(script.embuary.helper)]">$INFO[Container(9993).ListItem.Title]</value>
		<value condition="String.IsEmpty(Container(300).ListItem.Property(widgetDisableFanart)) + ControlGroup(700).HasFocus + String.IsEqual(Container(300).ListItem.Property(widgetType),custom) + String.IsEqual(Container.ListItem.Property(background),playlistBackground) + String.IsEqual(Container.ListItem.Property(EHPlaylistFanart),true) + System.HasAddon(script.embuary.helper)">$INFO[Container(9995).ListItem.Label]</value>
        
		<value condition="String.IsEmpty(Container(300).ListItem.Property(widgetDisableFanart)) + ControlGroup(700).HasFocus + String.IsEqual(Container(300).ListItem.Property(widgetType),custom) + String.IsEqual(Container.ListItem.Property(background),nodeBackground) + [!String.IsEqual(Container.ListItem.Property(EHPlaylistFanart),true) | !System.HasAddon(script.embuary.helper)]">$INFO[Container(9994).ListItem.Title]</value>
		<value condition="String.IsEmpty(Container(300).ListItem.Property(widgetDisableFanart)) + ControlGroup(700).HasFocus + String.IsEqual(Container(300).ListItem.Property(widgetType),custom) + String.IsEqual(Container.ListItem.Property(background),nodeBackground) + String.IsEqual(Container.ListItem.Property(EHPlaylistFanart),true) + System.HasAddon(script.embuary.helper)">$INFO[Container(9996).ListItem.Label]</value>
		
		
		<value condition="String.IsEqual(Container(300).ListItem.Property(background),Kodi.Movie.Fanart)">$INFO[Container(12341).ListItem.Title]</value>
        <value condition="String.IsEqual(Container(300).ListItem.Property(background),Kodi.TV.Fanart)">$INFO[Container(12342).ListItem.Title]</value>
        <value condition="String.IsEqual(Container(300).ListItem.Property(background),Kodi.Video.Fanart)">$INFO[Container(12346).ListItem.Title]</value>
        <value condition="String.IsEqual(Container(300).ListItem.Property(background),Kodi.Music.Fanart)">$INFO[Container(12345).ListItem.Label]</value>
        <value condition="String.IsEqual(Container(300).ListItem.Property(background),Kodi.Global.Fanart)">$INFO[Container(12347).ListItem.Title]</value>
		
		<value condition="String.IsEqual(Container(300).ListItem.Property(background),Movie.Fanart) + System.HasAddon(script.embuary.helper)">$INFO[Window(home).Property(EmbuaryBackgroundMovies.Title)]</value>
		<value condition="String.IsEqual(Container(300).ListItem.Property(background),TV.Fanart) + System.HasAddon(script.embuary.helper)">$INFO[Window(home).Property(EmbuaryBackgroundTVShows.Title)]</value>
        <value condition="String.IsEqual(Container(300).ListItem.Property(background),Video.Fanart) + System.HasAddon(script.embuary.helper)">$INFO[Window(home).Property(EmbuaryBackgroundVideos.Title)]</value>
		<value condition="String.IsEqual(Container(300).ListItem.Property(background),MusicVideo.Fanart) + System.HasAddon(script.embuary.helper)">$INFO[Window(home).Property(EmbuaryBackgroundMusicVideos.Title)]</value>
		<value condition="String.IsEqual(Container(300).ListItem.Property(background),Global.Fanart) + System.HasAddon(script.embuary.helper)">$INFO[Window(home).Property(EmbuaryBackground.Title)]</value>
		<value condition="String.IsEqual(Container(300).ListItem.Property(background),Music.Fanart) + System.HasAddon(script.embuary.helper)">$INFO[Window(home).Property(EmbuaryBackgroundMusic.Title)]</value>
		
        <value condition="String.IsEqual(Container(300).ListItem.Property(background),playlistBackground) + [!String.IsEqual(Container(300).ListItem.Property(EHPlaylistFanart),true) | !System.HasAddon(script.embuary.helper)]">$INFO[Container(9988).ListItem.Title]</value>
		<value condition="String.IsEqual(Container(300).ListItem.Property(background),playlistBackground) + String.IsEqual(Container(300).ListItem.Property(EHPlaylistFanart),true) + System.HasAddon(script.embuary.helper)">$INFO[Container(9989).ListItem.Label]</value>
        
		<value condition="String.IsEqual(Container(300).ListItem.Property(background),nodeBackground) + [!String.IsEqual(Container(300).ListItem.Property(EHPlaylistFanart),true) | !System.HasAddon(script.embuary.helper)]">$INFO[Container(9990).ListItem.Title]</value>
		<value condition="String.IsEqual(Container(300).ListItem.Property(background),nodeBackground) + String.IsEqual(Container(300).ListItem.Property(EHPlaylistFanart),true) + System.HasAddon(script.embuary.helper)">$INFO[Container(9992).ListItem.Label]</value>
		<value></value>
    </variable>


    <include name="DefaultBackground">
        <control type="multiimage">
            <visible>![Player.HasVideo + Skin.HasSetting(Show_Player)]</visible>
            <include>Dimensions_Fullscreen</include>
            <timeperimage>8000</timeperimage>
            <fadetime>400</fadetime>
            <imagepath background="true">$VAR[SubBackground]</imagepath>
            <randomize>true</randomize>
            <aspectratio>scale</aspectratio>
        </control>
        <control type="visualisation">
            <visible>Player.HasAudio + Skin.HasSetting(Show_Player)</visible>
            <include>Dimensions_Fullscreen</include>
        </control>
        <control type="videowindow">
            <visible>Player.HasVideo + Skin.HasSetting(Show_Player)</visible>
            <include>Dimensions_Fullscreen</include>
        </control>
    </include>

    <!-- Movie/TV Show Logo for Home Window -->
	<include name="HomeClearLogo">
		<!-- Logo for vert. menu, no widgets -->
		<control type="image">
            <posy>40</posy>
		    <posx>1400</posx>
            <width>500</width>
            <height>320</height>
            <texture  background="true">$VAR[HomeClearLogo]</texture>
		    <aspectratio>keep</aspectratio>
			<align>center</align>
			<aligny>center</aligny>
            <visible>![$EXP[widgetsAreShowing]] + Skin.HasSetting(VerticalHome)</visible>
        </control>
		<!-- Logo for horiz. menu, no widgets -->
		<control type="image">
            <posy>60</posy>
		    <posx>1400</posx>
            <width>500</width>
            <height>200</height>
            <texture  background="true">$VAR[HomeClearLogo]</texture>
		    <aspectratio>keep</aspectratio>
			<align>center</align>
			<aligny>center</aligny>
            <visible>![$EXP[widgetsAreShowing]] + !Skin.HasSetting(VerticalHome)</visible>
        </control>
		<!-- Logo for vert. menu, single-row widget -->
		<control type="image">
            <posy>40</posy>
		    <posx>1400</posx>
            <width>500</width>
            <height>320</height>
            <texture  background="true">$VAR[HomeClearLogo]</texture>
		    <aspectratio>keep</aspectratio>
			<align>center</align>
			<aligny>center</aligny>
            <visible>$EXP[widgetsAreShowing] + ![$EXP[doubleWidgetRowShowing]] + ![$EXP[tripleWidgetRowShowing]] + Skin.HasSetting(VerticalHome)</visible>
        </control>
		<!-- Logo for horiz. menu, single-row widget -->
		<control type="image">
            <posy>60</posy>
		    <posx>1400</posx>
            <width>500</width>
            <height>200</height>
            <texture  background="true">$VAR[HomeClearLogo]</texture>
		    <aspectratio>keep</aspectratio>
			<align>center</align>
			<aligny>center</aligny>
            <visible>$EXP[widgetsAreShowing] + ![$EXP[doubleWidgetRowShowing]] + ![$EXP[tripleWidgetRowShowing]] + !Skin.HasSetting(VerticalHome)</visible>
        </control>
		<!-- Logo when double shelf and fanart title in top bar -->
		<control type="image">
            <posy>40</posy>
		    <posx>1480</posx>
            <width>420</width>
            <height>160</height>
            <texture  background="true">$VAR[HomeClearLogo]</texture>
		    <aspectratio>keep</aspectratio>
			<align>center</align>
			<aligny>center</aligny>
            <visible>$EXP[doubleWidgetRowShowing] + ![$EXP[tripleWidgetRowShowing]] + $EXP[widgetsAreShowing] + Skin.HasSetting(VerticalHome) + Skin.HasSetting(Enable.FanartTitle) + Skin.HasSetting(FanartTitle.InTopBar)</visible>
        </control>
		<!-- Logo when double shelf and fanart title below top bar, info line in shelf -->
		<control type="image">
            <posy>50</posy>
		    <posx>1060</posx>
            <width>420</width>
            <height>160</height>
            <texture  background="true">$VAR[HomeClearLogo]</texture>
		    <aspectratio>keep</aspectratio>
			<align>center</align>
			<aligny>center</aligny>
            <visible>$EXP[doubleWidgetRowShowing] + ![$EXP[tripleWidgetRowShowing]] + $EXP[widgetsAreShowing] + Skin.HasSetting(VerticalHome) + Skin.HasSetting(Enable.FanartTitle) + !Skin.HasSetting(FanartTitle.InTopBar) + [[Skin.HasSetting(ShowInfoLine) + Skin.HasSetting(ShowInfoLineShelf)] | !Skin.HasSetting(ShowInfoLine)]</visible>
        </control>
		<!-- Logo when double shelf and fanart title below top bar, info line below top bar -->
		<control type="image">
            <posy>90</posy>
		    <posx>1060</posx>
            <width>420</width>
            <height>100</height>
            <texture  background="true">$VAR[HomeClearLogo]</texture>
		    <aspectratio>keep</aspectratio>
			<align>center</align>
			<aligny>center</aligny>
            <visible>$EXP[doubleWidgetRowShowing] + ![$EXP[tripleWidgetRowShowing]] + $EXP[widgetsAreShowing] + Skin.HasSetting(VerticalHome) + Skin.HasSetting(Enable.FanartTitle) + !Skin.HasSetting(FanartTitle.InTopBar) + Skin.HasSetting(ShowInfoLine) + !Skin.HasSetting(ShowInfoLineShelf)</visible>
        </control>
		<!-- Logo when double shelf and horizontal menu -->
		<control type="image">
            <posy>45</posy>
		    <posx>1500</posx>
            <width>400</width>
            <height>75</height>
            <texture  background="true">$VAR[HomeClearLogo]</texture>
		    <aspectratio>keep</aspectratio>
			<align>center</align>
			<aligny>center</aligny>
            <visible>$EXP[doubleWidgetRowShowing] + ![$EXP[tripleWidgetRowShowing]] + $EXP[widgetsAreShowing] + !Skin.HasSetting(VerticalHome)</visible>
        </control>
		<!-- Logo when triple shelf and fanart title in top bar -->
		<control type="image">
            <posy>40</posy>
		    <posx>1480</posx>
            <width>420</width>
            <height>115</height>
            <texture  background="true">$VAR[HomeClearLogo]</texture>
		    <aspectratio>keep</aspectratio>
			<align>center</align>
			<aligny>center</aligny>
            <visible>Container(300).ListItem.Property(widgetThreeShelves) + $EXP[widgetsAreShowing] +  Skin.HasSetting(VerticalHome) + Skin.HasSetting(Enable.FanartTitle) + Skin.HasSetting(FanartTitle.InTopBar)</visible>
        </control>
		<!-- Logo when triple shelf and fanart title below top bar, info line in shelf -->
		<control type="image">
            <posy>40</posy>
		    <posx>1060</posx>
            <width>420</width>
            <height>115</height>
            <texture  background="true">$VAR[HomeClearLogo]</texture>
		    <aspectratio>keep</aspectratio>
			<align>center</align>
			<aligny>center</aligny>
            <visible>Container(300).ListItem.Property(widgetThreeShelves) + $EXP[widgetsAreShowing] + Skin.HasSetting(VerticalHome) + Skin.HasSetting(Enable.FanartTitle) + !Skin.HasSetting(FanartTitle.InTopBar) + [[Skin.HasSetting(ShowInfoLine) + Skin.HasSetting(ShowInfoLineShelf)] | !Skin.HasSetting(ShowInfoLine)]</visible>
        </control>
		<!-- Logo when triple shelf and fanart title below top bar, info line below top bar -->
		<control type="image">
            <posy>50</posy>
		    <posx>1060</posx>
            <width>420</width>
            <height>100</height>
            <texture  background="true">$VAR[HomeClearLogo]</texture>
		    <aspectratio>keep</aspectratio>
			<align>center</align>
			<aligny>center</aligny>
            <visible>Container(300).ListItem.Property(widgetThreeShelves) + $EXP[widgetsAreShowing] + Skin.HasSetting(VerticalHome) + Skin.HasSetting(Enable.FanartTitle) + !Skin.HasSetting(FanartTitle.InTopBar) + Skin.HasSetting(ShowInfoLine) + !Skin.HasSetting(ShowInfoLineShelf)</visible>
        </control>
		
	</include>

    <include name="HomeBackgroundLists">
	    <!-- Hidden list for playlist fanart background -->
	    <control type="list" id="9988">
			<description>hidden container for playlist background</description>
			<posx>-20</posx>
			<posy>-20</posy>
			<width>1</width>
			<height>1</height>
			<include>AutoscrollTime</include>
			<itemlayout />
	        <focusedlayout />
			<content sortby="random" limit="$INFO[Container(300).ListItem.Property(playlistFanartLimit)]">$INFO[Container(300).ListItem.Property(backgroundPlaylist)]</content>
			<visible>!String.IsEmpty(Container(300).ListItem.Property(backgroundPlaylist))</visible>
		</control>
        <!-- Hidden list for node fanart background -->
		<control type="list" id="9990">
			<description>hidden container for node background</description>
			<posx>-20</posx>
			<posy>-20</posy>
			<width>1</width>
			<height>1</height>
			<include>AutoscrollTime</include>
			<itemlayout />
	        <focusedlayout />
			<content sortby="random" limit="$INFO[Container(300).ListItem.Property(playlistFanartLimit)]">$INFO[Container(300).ListItem.Property(list)]</content>
			<visible>String.IsEqual(Container(300).ListItem.Property(background),nodeBackground)</visible>
		</control>
		<!-- Hidden list for widget playlist fanart background -->
	    <control type="list" id="9993">
			<description>hidden container for playlist background</description>
			<posx>-20</posx>
			<posy>-20</posy>
			<width>1</width>
			<height>1</height>
			<include>AutoscrollTime</include>
			<itemlayout />
	        <focusedlayout />
			<content sortby="random" limit="$INFO[Container.ListItem.Property(playlistFanartLimit)]">$INFO[Container.ListItem.Property(backgroundPlaylist)]</content>
			<visible>!String.IsEmpty(Container.ListItem.Property(backgroundPlaylist))</visible>
		</control>
		<!-- Hidden list for widget node fanart background -->
		<control type="list" id="9995">
			<description>hidden container for widget node background</description>
			<posx>-20</posx>
			<posy>-20</posy>
			<width>1</width>
			<height>1</height>
			<include>AutoscrollTime</include>
			<itemlayout />
	        <focusedlayout />
			<content sortby="random" limit="$INFO[Container.ListItem.Property(playlistFanartLimit)]">$INFO[Container.ListItem.Property(list)]</content>
			<visible>String.IsEqual(Container.ListItem.Property(background),nodeBackground)</visible>
		</control>
        <!-- Hidden list for movies fanart background -->
        <control type="list" id="12341">
	        <content sortby="random" limit="25">videodb://movies/titles/</content>
	        <include>AutoscrollTime</include>
	        <itemlayout />
	        <focusedlayout />
            <posx>-20</posx>
			<posy>-20</posy>
			<width>1</width>
			<height>1</height>
        </control>
        <!-- Hidden list for tv shows fanart background -->
        <control type="list" id="12342">
	        <content sortby="random" limit="25">videodb://tvshows/titles/</content>
	        <include>AutoscrollTime</include>
	        <itemlayout />
	        <focusedlayout />
            <posx>-20</posx>
			<posy>-20</posy>
			<width>1</width>
			<height>1</height>
        </control>
		<!-- Hidden list for sets fanart background -->
        <control type="list" id="12343">
	        <content sortby="random" limit="25">videodb://movies/sets/</content>
	        <include>AutoscrollTime</include>
	        <itemlayout />
	        <focusedlayout />
            <posx>-20</posx>
			<posy>-20</posy>
			<width>1</width>
			<height>1</height>
        </control>
		<!-- Hidden list for music videos fanart background -->
		<control type="list" id="12344">
	        <content sortby="random" limit="25">videodb://musicvideos/titles/</content>
	        <include>AutoscrollTime</include>
	        <itemlayout />
	        <focusedlayout />
            <posx>-20</posx>
			<posy>-20</posy>
			<width>1</width>
			<height>1</height>
        </control>
		<!-- Hidden list for music fanart background -->
        <control type="list" id="12345">
	        <content sortby="random" limit="25">musicdb://artists/?albumartistsonly=true</content>
	        <include>AutoscrollTime</include>
	        <itemlayout />
	        <focusedlayout />
            <posx>-20</posx>
			<posy>-20</posy>
			<width>1</width>
			<height>1</height>
        </control>        
        <!-- Hidden list for video fanart background -->
        <control type="list" id="12346">
	        <content sortby="random" limit="5">videodb://movies/titles/</content>
	        <content sortby="random" limit="5">videodb://tvshows/titles/</content>
	        <content sortby="random" limit="5">videodb://movies/sets/</content>
		    <content sortby="random" limit="5">videodb://movies/titles/</content>
	        <content sortby="random" limit="5">videodb://movies/sets/</content>
	        <content sortby="random" limit="5">videodb://tvshows/titles/</content>
		    <include>AutoscrollTime</include>
	        <itemlayout />
	        <focusedlayout />
            <posx>-20</posx>
			<posy>-20</posy>
			<width>1</width>
			<height>1</height>
        </control>
        <!-- Hidden list for global fanart background -->
        <control type="list" id="12347">
	        <content sortby="random" limit="5">videodb://movies/titles/</content>
	        <content sortby="random" limit="5">videodb://musicvideos/titles/</content>
	        <content sortby="random" limit="5">videodb://tvshows/titles/</content>
	        <content sortby="random" limit="5">videodb://movies/sets/</content>
	        <content sortby="random" limit="5">musicdb://artists/?albumartistsonly=true</content>
	        <content sortby="random" limit="5">videodb://movies/titles/</content>
	        <content sortby="random" limit="5">videodb://musicvideos/titles/</content>
	        <content sortby="random" limit="5">videodb://movies/sets/</content>
	        <content sortby="random" limit="5">videodb://tvshows/titles/</content>
	        <content sortby="random" limit="5">musicdb://artists/?albumartistsonly=true</content>
	        <include>AutoscrollTime</include>
	        <itemlayout />
	        <focusedlayout />
            <posx>-20</posx>
			<posy>-20</posy>
			<width>1</width>
			<height>1</height>
        </control>		
	</include>
	
	<include name="HomeEHBackgroundLists">
	    <control type="list" id="9989">
			<description>hidden container for playlist background using embuary helper</description>
			<posx>-20</posx>
			<posy>-20</posy>
			<width>1</width>
			<height>1</height>
			<include>AutoscrollTime</include>
			<itemlayout />
	        <focusedlayout />
			<content sortby="random" limit="$INFO[Container(300).ListItem.Property(playlistFanartLimit)]">plugin://script.embuary.helper?info=getfanartsbypath&amp;path='"$INFO[Container(300).ListItem.Property(backgroundPlaylist)]"'&amp;reload=$INFO[Window(home).Property(EmbuaryWidgetUpdate)]</content>
		    <visible>!String.IsEmpty(Container(300).ListItem.Property(backgroundPlaylist))</visible>
		</control>
		<control type="list" id="9994">
			<description>hidden container for widget playlist background using embuary helper</description>
			<posx>-20</posx>
			<posy>-20</posy>
			<width>1</width>
			<height>1</height>
			<include>AutoscrollTime</include>
			<itemlayout />
	        <focusedlayout />
			<content sortby="random" limit="$INFO[Container.ListItem.Property(playlistFanartLimit)]">plugin://script.embuary.helper?info=getfanartsbypath&amp;path='"$INFO[Container.ListItem.Property(backgroundPlaylist)]"'&amp;reload=$INFO[Window(home).Property(EmbuaryWidgetUpdate)]</content>
		    <visible>!String.IsEmpty(Container.ListItem.Property(backgroundPlaylist))</visible>
		</control>
		<control type="list" id="9992">
			<description>hidden container for node background using embuary helper</description>
			<posx>-20</posx>
			<posy>-20</posy>
			<width>1</width>
			<height>1</height>
			<include>AutoscrollTime</include>
			<itemlayout />
	        <focusedlayout />
			<visible>String.IsEqual(Container(300).ListItem.Property(background),nodeBackground)</visible>
			<content sortby="random" limit="$INFO[Container(300).ListItem.Property(playlistFanartLimit)]">plugin://script.embuary.helper?info=getfanartsbypath&amp;path='"$INFO[Container(300).ListItem.Property(list)]"'&amp;reload=$INFO[Window(home).Property(EmbuaryWidgetUpdate)]</content>
		</control>
		<control type="list" id="9996">
			<description>hidden container for widget node background using embuary helper</description>
			<posx>-20</posx>
			<posy>-20</posy>
			<width>1</width>
			<height>1</height>
			<include>AutoscrollTime</include>
			<itemlayout />
	        <focusedlayout />
			<visible>String.IsEqual(Container.ListItem.Property(background),nodeBackground)</visible>
			<content sortby="random" limit="$INFO[Container.ListItem.Property(playlistFanartLimit)]">plugin://script.embuary.helper?info=getfanartsbypath&amp;path='"$INFO[Container.ListItem.Property(list)]"'&amp;reload=$INFO[Window(home).Property(EmbuaryWidgetUpdate)]</content>
		</control>
	</include>
	
	<include name="HomeInfoLineLists">
	    <control type="list" id="9991">
			<description>hidden container for node infoline</description>
			<posx>-20</posx>
			<posy>-20</posy>
			<width>1</width>
			<height>1</height>
			<itemlayout width="1" height="1">
			</itemlayout>
			<focusedlayout height="1" width="1">
			</focusedlayout>
			<content>$INFO[Container(300).ListItem.Property(list)]</content>
			<visible>String.EndsWith(Container(300).ListItem.Property(list),xml)</visible>
		</control>
		<control type="list" id="9980">
			<description>hidden container for video addons, for addon count infoline</description>
			<posx>-20</posx>
			<posy>-20</posy>
			<width>1</width>
			<height>1</height>
			<itemlayout width="1" height="1">
			</itemlayout>
			<focusedlayout height="1" width="1">
			</focusedlayout>
			<content>addons://sources/video</content>
		</control>
        <control type="list" id="9981">
			<description>hidden container for audio addons, for addon count infoline</description>
			<posx>-20</posx>
			<posy>-20</posy>
			<width>1</width>
			<height>1</height>
			<itemlayout width="1" height="1">
			</itemlayout>
			<focusedlayout height="1" width="1">
			</focusedlayout>
			<content>addons://sources/audio</content>
		</control>
        <control type="list" id="9982">
			<description>hidden container for program addons, for addon count infoline</description>
			<posx>-20</posx>
			<posy>-20</posy>
			<width>1</width>
			<height>1</height>
			<itemlayout width="1" height="1">
			</itemlayout>
			<focusedlayout height="1" width="1">
			</focusedlayout>
			<content>addons://sources/executable</content>
		</control>
        <control type="list" id="9983">
			<description>hidden container for picture addons, for addon count infoline</description>
			<posx>-20</posx>
			<posy>-20</posy>
			<width>1</width>
			<height>1</height>
			<itemlayout width="1" height="1">
			</itemlayout>
			<focusedlayout height="1" width="1">
			</focusedlayout>
			<content>addons://sources/image</content>
		</control>
        <control type="list" id="9984">
			<description>hidden container for game addons, for addon count infoline</description>
			<posx>-20</posx>
			<posy>-20</posy>
			<width>1</width>
			<height>1</height>
			<itemlayout width="1" height="1">
			</itemlayout>
			<focusedlayout height="1" width="1">
			</focusedlayout>
			<content>addons://sources/game</content>
		</control>
        <control type="list" id="9985">
			<description>hidden container for all addons, for addon count infoline</description>
			<posx>-20</posx>
			<posy>-20</posy>
			<width>1</width>
			<height>1</height>
			<itemlayout width="1" height="1">
			</itemlayout>
			<focusedlayout height="1" width="1">
			</focusedlayout>
			<content>addons://user/all</content>
		</control>
	</include>
	
	<include name="HomeEHInfoLineLists">
	    <control type="list" id="43260">
			<visible>String.IsEqual(Container(300).ListItem.Property(InfoLine),movieplaylist) | String.IsEqual(Container(300).ListItem.Property(InfoLine),tvshowplaylist) | String.IsEqual(Container(300).ListItem.Property(InfoLine),episodeplaylist) | String.IsEqual(Container(300).ListItem.Property(InfoLine),musicvideoplaylist)</visible>
			<width>1</width>
			<height>1</height>
			<focusedlayout />
			<itemlayout />
			<content>plugin://script.embuary.helper/?info=getpathstats&amp;path=$INFO[Container(300).ListItem.Property(Path)]&amp;prefix=PlaylistStats</content>
		</control>
	</include>
	
	<!-- Fanart Title on home window includes -->
    <include name="TitleButtonTopBar">
        <left>0</left>
        <top>1</top>
        <height>38</height>                
		<width min="0" max="550">auto</width>
        <texturenofocus border="30,0,30,30">text_shadow.png</texturenofocus>
		<font>FanartTitleFont</font>
        <label>[I]$VAR[FanartTitleVar][/I]</label>    
    </include>
    <include name="HorizTitleButtonBelowTopBar">
        <left>0</left>
        <top>39</top>
        <height>46</height>
        <width>325</width>
        <texturefocus />
        <texturenofocus />
        <align>center</align>
        <font>FanartTitleFont</font>
        <textcolor>FFDFDFDF</textcolor>
        <focusedcolor>$VAR[HighlightColor]</focusedcolor>
        <wrapmultiline>true</wrapmultiline>
        <label>[I]$VAR[FanartTitleVar][/I]</label>
    </include>
    <include name="VertTitleButtonBelowTopBar">
        <left>1600</left>
        <top>39</top>
        <height>46</height>
        <width>325</width>
        <texturefocus />
        <texturenofocus />
        <align>center</align>
        <font>FanartTitleFont</font>
        <textcolor>FFDFDFDF</textcolor>
        <focusedcolor>$VAR[HighlightColor]</focusedcolor>
        <wrapmultiline>true</wrapmultiline>
        <label>[I]$VAR[FanartTitleVar][/I]</label>    
    </include>
	
	<include name="ShowFanartTitle">
        <control type="group">
            <visible>[[String.IsEqual(Container(300).ListItem.Property(background),nodeBackground) | String.IsEqual(Container(300).ListItem.Property(background),playlistBackground) | String.EndsWith(Container(300).ListItem.Property(background),.Fanart)] + !String.IsEqual(Container(300).ListItem.Property(background),Weather.Fanart)] | 
			         [ControlGroup(700).HasFocus + String.IsEmpty(Container(300).ListItem.Property(widgetDisableFanart)) + String.IsEqual(Container(300).ListItem.Property(widgetType),custom) + 
					  [[String.IsEqual(Container.ListItem.Property(background),nodeBackground) | String.IsEqual(Container.ListItem.Property(background),playlistBackground) | String.EndsWith(Container.ListItem.Property(background),.Fanart)] + !String.IsEqual(Container(300).ListItem.Property(background),Weather.Fanart)]]</visible>
		    <control type="image">
                <left>0</left>
                <top>41.3</top>
                <height>98</height>
                <width>350</width>
                <texture flipx="true" flipy="true">common/TimePanel.png</texture>
                <colordiffuse>dfcebe9e</colordiffuse>
                <visible>!Skin.HasSetting(FanartTitle.InTopBar) + !Skin.HasSetting(VerticalHome)</visible>
            </control>
		    <control type="image">
                <left>1570</left>
                <top>41.3</top>
                <height>98</height>
                <width>350</width>
                <texture flipy="true">common/TimePanel.png</texture>
                <colordiffuse>dfcebe9e</colordiffuse>
                <visible>!Skin.HasSetting(FanartTitle.InTopBar) + Skin.HasSetting(VerticalHome)</visible>
            </control>            
            <control type="button" id="12001">
                <include condition="Skin.HasSetting(FanartTitle.InTopBar)">TitleButtonTopBar</include>
                <include condition="!Skin.HasSetting(FanartTitle.InTopBar) + !Skin.HasSetting(VerticalHome)">HorizTitleButtonBelowTopBar</include>
                <include condition="!Skin.HasSetting(FanartTitle.InTopBar) + Skin.HasSetting(VerticalHome)">VertTitleButtonBelowTopBar</include>
                <aligny>center</aligny>
                <textoffsetx>10</textoffsetx>
                <include>ContentFade</include>
                <onup>9001</onup>
                <ondown>9001</ondown>
                <onleft>9001</onleft>
                <onright>9001</onright>
                <onback>9001</onback>            
                <onclick condition="!System.HasAddon(plugin.video.youtube)">SetProperty(CustomSearch,2,home)</onclick>
                <onclick>Skin.Reset(CustomSearchTerm)</onclick>
                <onclick>Skin.SetString(CustomSearchTerm,$ESCVAR[FanartTitleVar])</onclick>
		        <onclick>ActivateWindow(1122)</onclick>
		    </control>
        </control>
	</include>
    
</includes>