<?xml version="1.0" encoding="UTF-8"?>
<window>
    <onload condition="System.HasAddon(script.skin.info.service)">RunScript(script.skin.info.service)</onload>
    <onload condition="!Skin.String(colorbox_effect)">Skin.SetString(colorbox_effect,blur)</onload>
    <onload condition="!Skin.String(colorbox_quality)">Skin.SetString(colorbox_quality,4)</onload>
    <onload condition="!Skin.String(colorbox_blend)">Skin.SetString(colorbox_blend,100)</onload>
    <onload condition="!Skin.String(colorbox_blursize)">Skin.SetString(colorbox_blursize,10)</onload>
    <onload condition="!Skin.String(colorbox_bitsize)">Skin.SetString(colorbox_bitsize,1)</onload>
    <onload condition="!Skin.String(colorbox_pixelsize)">Skin.SetString(colorbox_pixelsize,12)</onload>
    <onload condition="!Skin.String(colorbox_desat)">Skin.SetString(colorbox_desat,0.3)</onload>
    <onload condition="!Skin.String(colorbox_black)">Skin.SetString(colorbox_black,000000)</onload>
    <onload condition="!Skin.String(colorbox_white)">Skin.SetString(colorbox_white,ffffff)</onload>
    <onload condition="!Skin.String(colorbox_main)">Skin.SetString(colorbox_main,main:fhls*-;0.45;0.9)</onload>
    <onload condition="!Skin.String(colorbox_comp)">Skin.SetString(colorbox_comp,main:hls*0.75;0;0@fhls*-;0.45;0.9)</onload>
    <onload condition="System.HasAddon(script.colorbox) + Skin.HasSetting(Enable.BlurredVideoInfo)">RunScript(script.colorbox,daemon=True)</onload>
    <onload condition="Skin.HasSetting(Enable.BlurredVideoInfo)">SetProperty(FIVE_daemon_set,$INFO[Skin.String(colorbox_effect)],home)</onload>
    <onload condition="System.HasAddon(script.colorbox)">AlarmClock(nms1,SetProperty(NINE_manual_set,"var=main,set=$INFO[Skin.String(colorbox_main)]|var=comp,set=$INFO[Skin.String(colorbox_comp)]|var=quality,set=$INFO[Skin.String(colorbox_quality)]|var=blursize,set=$INFO[Skin.String(colorbox_blursize)]|var=bitsize,set=$INFO[Skin.String(colorbox_bitsize)]|var=pixelsize,set=$INFO[Skin.String(colorbox_pixelsize)]|var=black,set=$INFO[Skin.String(colorbox_black)]|var=white,set=$INFO[Skin.String(colorbox_white)]|var=blend,set=$INFO[Skin.String(colorbox_blend)]|var=desat,set=$INFO[Skin.String(colorbox_desat)]",home),00:05,true)</onload>
    <onload condition="System.HasAddon(plugin.video.themoviedb.helper)">Skin.SetBool(TMDbHelper.Service)</onload>
    <onload>ReplaceWindow($INFO[System.StartupWindow])</onload>
	
	<!-- Establish list as default view if no default view is set -->
	<onload condition="!Skin.HasSetting(FirstRunDone)">Skin.SetBool(UseListDefault)</onload>
	<onload condition="!Skin.HasSetting(FirstRunDone)">RunScript(script.skinshortcuts,type=buildxml&amp;mainmenuID=300&amp;group=mainmenu|powermenu)</onload>
	<onload condition="!Skin.HasSetting(FirstRunDone)">ReloadSkin()</onload>
	<onload condition="!Skin.HasSetting(FirstRunDone)">Skin.SetBool(FristRunDone)</onload>
	
<!--	<onload condition="!Skin.HasSetting(UseListDefault) + !Skin.HasSetting(UseTallListDefault) + !Skin.HasSetting(UseLowListDefault) + !Skin.HasSetting(UseBigListDefault) + !Skin.HasSetting(UsePanelDefault) + 
	                   !Skin.HasSetting(UseBigPanelDefault) + !Skin.HasSetting(UseIconsDefault) + !Skin.HasSetting(UseFanartDefault)">Skin.SetBool(UseListDefault)</onload> -->
	<controls>
    </controls>
</window>