<?xml version="1.0" encoding="UTF-8"?>
<window>
    <onload condition="System.HasAddon(script.skin.info.service)">RunScript(script.skin.info.service)</onload>
    <onload condition="Skin.HasSetting(Enable.TMDbHelper)">Skin.SetBool(TMDbHelper.Service)</onload>
	<onload condition="!Skin.HasSetting(Enable.TMDbHelper)">Skin.Reset(TMDbHelper.Service)</onload>
    <onload condition="Skin.HasSetting(Enable.BlurredVideoInfo) + Skin.HasSetting(Enable.TMDbHelper)">Skin.SetBool(TMDbHelper.EnableBlur)</onload>
	<onload condition="Skin.HasSetting(MatchPosterColors) + Skin.HasSetting(Enable.TMDbHelper)">Skin.SetBool(TMDbHelper.EnableColors)</onload>
	<onload condition="Skin.HasSetting(MatchPosterColors) + Skin.HasSetting(Enable.TMDbHelper)">SetProperty(TMDbHelper.Colors.SourceImage,poster,Home)</onload>
	<onload condition="Skin.HasSetting(MatchPosterColors) + Skin.HasSetting(Enable.TMDbHelper)">Skin.SetString(TMDbHelper.Colors.Luminance,0.75)</onload>
	<onload condition="Skin.HasSetting(MatchPosterColors) + Skin.HasSetting(Enable.TMDbHelper)">Skin.SetString(TMDbHelper.Colors.Saturation,0.75)</onload>
	<onload>ReplaceWindow($INFO[System.StartupWindow])</onload>
	<onload condition="System.HasAddon(script.artistslideshow)">RunScript(script.artistslideshow, daemon=True)</onload>
	<onload condition="String.IsEmpty(Skin.String(OSDExtraArt))">Skin.SetString(OSDExtraArt,none)</onload>
	<controls>
    </controls>
</window>