<?xml version="1.0" encoding="UTF-8"?>
<addon id="skin.amber" version="3.3.87" name="Amber" provider-name="Jester, Joethepartylion, Pecinko, bsoriano">
    <requires>
        <import addon="xbmc.gui" version="5.15.0"/>
        <import addon="script.favourites" version="7.1.1"/>
        <import addon="resource.uisounds.amber" version="1.0.0"/>
        <import addon="script.skinshortcuts" version="1.0.17"/>
    </requires>
    <extension point="xbmc.gui.skin" debugging="false">
        <res width="1920" height="1080" aspect="16:9" default="true" folder="1080i" />
    </extension>
    <extension point="xbmc.addon.metadata">
        <summary lang="de_DE">Keine Bloatware, nur Ihre Medien mit einer leicht zu navigierenden Oberfläche</summary>
        <summary lang="en_AU">No bloatware, just your media with an easy to navigate interface</summary>
        <summary lang="en_GB">No bloatware, just your media with an easy to navigate interface</summary>
        <summary lang="en_NZ">No bloatware, just your media with an easy to navigate interface</summary>
        <summary lang="en_US">No bloatware, just your media with an easy to navigate interface</summary>
        <summary lang="es_ES">Sin excesos, solo su contenido con una interfaz fácil de navegar</summary>
        <summary lang="fi_FI">Ei sisällä turhia lisäominaisuuksia. Yksinkertainen käyttöliittymä mediakirjastollesi.</summary>
        <summary lang="fr_CA">Pas d’inflagiciel, juste vos médias avec une interface facile à parcourir</summary>
        <summary lang="fr_FR">Pas d'usine à gaz, juste les médias avec une interface épurée</summary>
        <summary lang="it_IT">Skin leggera, i tuoi media con un'interfaccia semplice in cui navigare</summary>
        <summary lang="nl_NL">Geen bloatware, alleen jouw media in een makkelijk te navigeren omgeving</summary>
        <summary lang="pt_BR">Sem bloatware, apenas sua mídia com uma interface fácil de navegar</summary>
        <description lang="de_DE">Keine Bloatware, nur Ihre Medien mit einer einfach zu navigierenden Oberfläche.[CR]Benutzt Texturen aus den Mediastream und Aeon skins.</description>
        <description lang="en_AU">No bloatware, just your media with an easy to navigate interface.[CR]Uses some textures from Mediastream and Aeon skins.</description>
        <description lang="en_GB">No bloatware, just your media with an easy to navigate interface.[CR]Uses some textures from Mediastream and Aeon skins.</description>
        <description lang="en_NZ">No bloatware, just your media with an easy to navigate interface.[CR]Uses some textures from Mediastream and Aeon skins.</description>
        <description lang="en_US">No bloatware, just your media with an easy to navigate interface.[CR]Uses some textures from Mediastream and Aeon skins.</description>
        <description lang="es_ES">Sin excesos, sólo su contenido con una interfaz fácil de navegar.[CR]Utiliza algunas texturas de los skins Mediastream y Aeon.</description>
        <description lang="fi_FI">Ei sisällä turhia lisäominaisuuksia. Yksinkertainen käyttöliittymä mediakirjastollesi.[CR]Käyttää joitakin kuvatiedostoja Mediastream- ja Aeon-ulkoasuista.</description>
        <description lang="fr_CA">Pas d’inflagiciel, juste vos médias avec une interface facile à parcourir.[CR]Utilise des textures des habillages Mediastream et Aeon.</description>
        <description lang="fr_FR">Pas d'utilisation excessive des ressources, juste vos médias avec une interface facile à utiliser.[CR]Utilise quelques textures provenant des habillages Mediastream et Aeon.</description>
        <description lang="it_IT">Skin leggera, i tuoi media con un'interfaccia semplice in cui navigare.[CR]Usa alcuni elementi grafici delle skin Mediastream e Aeon.</description>
        <description lang="nl_NL">Geen bloatware. alleen jouw media met een makkelijk te navigeren interface.[CR]Gebruikt sommige texturen van de Mediastream- en Aeonontwerpen.</description>
        <description lang="pt_BR">Sem excessos, apenas a sua mídia com uma interface fácil de navegar. [CR]Utiliza algumas texturas das skins Mediastream e Aeon.</description>
        <description lang="pt_PT">Um tema sem excessos que apenas mostra a sua média com uma interface de navegação simples.[CR]Utiliza algumas texturas dos temas Mediastream e Aeon.</description>
        <platform>all</platform>
        <license>GNU GENERAL PUBLIC LICENSE. Version 3, June 2007</license>
        <forum>https://forum.kodi.tv/forumdisplay.php?fid=203</forum>
        <source>https://github.com/bartolomesoriano/skin.amber</source>
        <assets>
            <icon>resources/icon.png</icon>
            <fanart>resources/fanart.jpg</fanart>
            <screenshot>resources/screenshot01.jpg</screenshot>
            <screenshot>resources/screenshot02.jpg</screenshot>
            <screenshot>resources/screenshot03.jpg</screenshot>
            <screenshot>resources/screenshot04.jpg</screenshot>
            <screenshot>resources/screenshot05.jpg</screenshot>
            <screenshot>resources/screenshot06.jpg</screenshot>
            <screenshot>resources/screenshot07.jpg</screenshot>
            <screenshot>resources/screenshot08.jpg</screenshot>
            <screenshot>resources/screenshot09.jpg</screenshot>
            <screenshot>resources/screenshot10.jpg</screenshot>
        </assets>
        <news>3.3.87 (04-06-2020)
		- Fixes to 3 shelves together and triple row shelves
		- Change select dialog to show bigger artwork
		- Option to shift Fanart view focus to the right
		- Option for mouse/touch-friendly alphabet strip
		- Misc. fixes
		3.3.86 (27-05-2020)
		- Up to 5 Custom Shelves
		- Option to show Three Shelves Together
		- Option to show triple row shelves
		- Complete French translation
		- Misc. fixes
		3.3.84 (21-05-2020)
		- Option to show/hide media play count in views
		- Fix showing time to go to when seeking with numbers
		- More French language fixes
		- Misc. fixes
		3.3.83 (20-05-2020)
        - Show song play count info in List views
        - Fix collection count info for BigList view
        - Fix for mouse events in VideoOSD
        - More French language fixes
		3.3.82 (18-05-2020)
        - Make optional settings for backgrounds and info lines
        - Fixes for fanart view
        - Show play count for songs in media views
        - More French language fixes
		3.3.81 (17-05-2020)
        - Bump GUI version to 5.15
        - Remove skin.helper.widgets dependency
		3.3.80 (15-05-2020)
        - Add banners for movies in icon media views
        - Allow Embuary Helper for backgrounds for nodes
        - Fix recently played tv shows shelf for Kodi 18.6
        - Add option to limit number of fanarts used for background
		3.3.79 (09-05-2020)
		- Improve in progress icons (thanks newbii)
		- Fixes to player process info
		3.3.77 (08-05-2020)
		- Improve icons (thanks newbii)
		- More fixes to hours and minutes display
		- Add Amber version in skin settings
		- Provide basic video info in player process info overlay
		- More fixes for German translation
		3.3.76 (07-05-2020)
		- Fix duration when show hours and minutes is set
		- Fix for German translation
		3.3.75 (07-05-2020)
		- Move EH for Playlist backgrounds to a per menu item option
		- Small fix to LibreELEC settings
		3.3.74 (06-05-2020)
		- Allow custom nodes as background and statistics line
		- Option to use Embuary Helper for playlist backgrounds
		- Allow using Kodi or Embuary Helper for home backgrounds
		- Fix in German translation
		3.3.73 (06-05-2020)
        - Skin LibreELEC settings dialogs
		3.3.67 (05-05-2020)
        - Fix recently added shelves issue
		3.3.66 (04-05-2020)
		- Remove number of movies in collection from top right overlay
		- Fix for issue with video addons triggering info
		- Fix for PVR group manager dialog
		- Fixes for in progress top right overlay
		3.3.65 (30-04-2020)
		- Use tmdb helper for blur (colorbox not maintained anymore)
		- Continue work on top right overlays (thanks newbii)
		- Fanart for genres,studios,countries,etc.
		- Misc. fixes
		3.3.64 (24-04-2020)
		- Fix overlay for episodes in list views
		- Option to disable Top 250 in media views
		- Fix collection count info in views
		3.3.63 (23-04-2020)
		- Option to use embuary helper for home backgrounds
		- More work on top right overlays (still WIP)
		- Misc. fixes
		3.3.62 (19-04-2020)
		- Add alternate layout for Big List
		- Update part of French translation (thanks Cyberdom)
		- Improve groupings when choosing items for menu/submenu in menu config.
		- Option to hide unwatched episode count for tv shows in list views
		- Misc. fixes
		3.3.60 (15-04-2020)
		- Top Right Overlays as option (thanks newbii!) (WIP)
		- Option for statistics not on shelf
		- Larger logo on home and views
		- Better icons (thanks newbii!)
        </news>
    </extension>
</addon>
