<?xml version="1.0" encoding="UTF-8"?>
<window id="1146" type="dialog">

	<defaultcontrol always="true">6446</defaultcontrol>
    
	<include condition="String.IsEqual(Skin.String(OSDTimeout),three)">CloseOSD3</include>
	<include condition="String.IsEqual(Skin.String(OSDTimeout),four)">CloseOSD4</include>
	<include condition="String.IsEqual(Skin.String(OSDTimeout),five)">CloseOSD5</include>
	<include condition="String.IsEqual(Skin.String(OSDTimeout),six)">CloseOSD6</include>
	<include condition="String.IsEqual(Skin.String(OSDTimeout),seven)">CloseOSD7</include>
	<include condition="String.IsEqual(Skin.String(OSDTimeout),eight)">CloseOSD8</include>
	<include condition="String.IsEqual(Skin.String(OSDTimeout),nine)">CloseOSD9</include>
	<include condition="String.IsEqual(Skin.String(OSDTimeout),ten)">CloseOSD10</include>
	<include condition="String.IsEqual(Skin.String(OSDTimeout),fifteen)">CloseOSD15</include>
	<include condition="String.IsEqual(Skin.String(OSDTimeout),twenty)">CloseOSD20</include>
	<include condition="String.IsEqual(Skin.String(OSDTimeout),thirty)">CloseOSD30</include>
	<include condition="String.IsEqual(Skin.String(OSDTimeout),oneminute)">CloseOSD60</include>
	<include condition="String.IsEmpty(Skin.String(OSDTimeout))">CloseOSD5</include>
	
	<visible>!System.IdleTime(61) + Window.IsVisible(VideoOSD) + !Window.IsVisible(movieinformation) + Skin.HasSetting(AutoClose.VideoOSD) + !Skin.HasSetting(AutoClose.withInfoService)</visible>
	
	<controls>
        
		<control type="button" id="6446">
			<include>HiddenButton</include>
			<onfocus>Dialog.Close(all,true)</onfocus>
		</control>
		
	</controls>
</window>