<?xml version="1.0" encoding="UTF-8"?>
<window>
	<defaultcontrol always="true">50</defaultcontrol>
    <views>50</views>
	<controls>
		<include>DefaultBackground</include>
		<control type="group" description="Content">
			<include>OpenClose</include>
			<posy>25</posy>
			<control type="image">
				<posx>36</posx>
				<posy>35</posy>
				<width>1849</width>
				<height>1010</height>
				<texture flipx="true">dialogs/SettingsBG.png</texture>
				<colordiffuse>dfcebe9e</colordiffuse>
<!--				<colordiffuse>$VAR[DialogBGColor]</colordiffuse> -->
			</control>
			<control type="label">
				<posx>711</posx>
				<posy>90</posy>
				<width>820</width>
				<align>center</align>
				<label>$VAR[PlaylistHeader]</label>
				<textcolor>$VAR[HighlightColor]</textcolor>
			</control>
			<control type="group">
				<!-- Album header and Artist footer for music playlists -->
				<control type="label">
					<top>160</top>
					<left>150</left>
					<width>500</width>
					<height>60</height>
					<align>center</align>
					<aligny>center</aligny>
					<wrapmultiline>true</wrapmultiline>
					<label>$VAR[listmediaheader]</label>
					<textcolor>$VAR[HighlightColor]</textcolor>
				</control>
				<control type="label">
					<top>860</top>
					<left>150</left>
					<width>500</width>
					<height>30</height>
					<align>center</align>
					<aligny>center</aligny>
					<label>$VAR[listmediafooter]</label>
					<textcolor>$VAR[HighlightColor]</textcolor>
				</control>
				<!-- Thumb image for items that do not have poster -->
				<include content="ShadowedImage">
					<param name="top">27</param>
					<param name="left">150</param>
					<param name="width">500</param>
					<param name="height">1010</param>
					<param name="shadowoffset">16</param>
					<param name="texture">$INFO[ListItem.thumb]</param>
					<param name="visibility">String.IsEmpty(ListItem.Art(poster)</param>
				</include>
				<!-- Poster -->
				<include content="ShadowedImage">
					<param name="top">27</param>
					<param name="left">150</param>
					<param name="width">500</param>
					<param name="height">1010</param>
					<param name="shadowoffset">16</param>
					<param name="texture">$INFO[ListItem.Art(poster)]</param>
					<param name="visibility">!String.IsEmpty(ListItem.Art(poster)</param>
				</include>
				
				<control type="group" description="List">
					<control type="panel" id="50" description="No Thumbs">
						<viewtype label="$LOCALIZE[535]">list</viewtype>
						<posx>711</posx>
						<posy>156</posy>
						<width>820</width>
						<height>839</height>
						<pagecontrol>60</pagecontrol>
						<scrolltime>200</scrolltime>
						<onleft>60</onleft>
						<onright>9000</onright>
						<onup>50</onup>
						<ondown>50</ondown>
						<itemlayout height="60" width="820">
							<control type="image">
								<height>60</height>
								<width>820</width>
								<texture flipy="true" border="3">list/ListNF.png</texture>
							</control>
							<control type="label">
								<posx>10</posx>
								<width>680</width>
								<height>60</height>
								<aligny>center</aligny>
								<textcolor>$VAR[LabelTextColor]</textcolor>
								<scroll>false</scroll>
								<label>$INFO[ListItem.Label]</label>
							</control>
							<control type="label">
								<posx>710</posx>
								<width>100</width>
								<height>60</height>
								<textcolor>$VAR[LabelTextColor]</textcolor>
								<aligny>center</aligny>
								<align>right</align>
								<scroll>false</scroll>
								<label>$INFO[ListItem.Label2]</label>
							</control>
						</itemlayout>
						<focusedlayout height="60" width="820">
							<control type="image">
								<width>820</width>
								<height>60</height>
								<texture border="4" colordiffuse="$VAR[HighlightColor]">img/WhiteRoundedST2.png</texture>
							</control>
							<control type="label">
								<posx>10</posx>
								<width>680</width>
								<height>60</height>
								<textcolor>$VAR[FocusedTextColor]</textcolor>
								<shadowcolor></shadowcolor>
								<aligny>center</aligny>
								<label>$INFO[ListItem.Label]</label>
							</control>
							<control type="label">
								<posx>710</posx>
								<width>100</width>
								<height>60</height>
								<textcolor>$VAR[FocusedTextColor]</textcolor>
								<shadowcolor></shadowcolor>
								<aligny>center</aligny>
								<align>right</align>
								<label>$INFO[ListItem.Label2]</label>
							</control>
						</focusedlayout>
					</control>
					<control type="grouplist" id="9000">
						<posx>1533</posx>
						<posy>156</posy>
						<width>324</width>
						<height>720</height>
						<onleft>50</onleft>
						<onright>60</onright>
						<onup condition="Skin.HasSetting(Enable.TouchSupport)">909090</onup>
		                <onup condition="!Skin.HasSetting(Enable.TouchSupport)">9000</onup>
						<scrolltime>200</scrolltime>
						<control type="radiobutton" id="20" description="shuffle">
							<width>330</width>
							<label>$LOCALIZE[191]</label>
						</control>
						<control type="button" id="21" description="save">
							<width>330</width>
							<label>$LOCALIZE[190]</label>
							<texturenofocus border="3">buttons/ButtonNF.png</texturenofocus>
						</control>
						<control type="button" id="22" description="clear">
							<width>330</width>
							<label>$LOCALIZE[192]</label>
							<onclick condition="Window.IsActive(musicplaylist)">ReplaceWindow(music)</onclick>
							<onclick condition="Window.IsActive(videoplaylist)">ReplaceWindow(Videos)</onclick>
							<texturenofocus border="3">buttons/ButtonNF.png</texturenofocus>
						</control>
						<control type="button" id="26" description="repeat">
							<width>330</width>
							<label>$LOCALIZE[486]</label>
							<texturenofocus border="3">buttons/ButtonNF.png</texturenofocus>
						</control>
					</control>
					<control type="group">
			            <posx>1793</posx>
			            <posy>48</posy>
			            <include condition="Skin.HasSetting(Enable.TouchSupport)" content="DialogCloseButtonCommons">
			                <param name="Action">Action(Back)</param>
				            <param name="ondown">9000</param>
			            </include>
		            </control>
				</control>
			</control>
			<control type="label" id="12">
				<posx>1560</posx>
				<posy>960</posy>
				<width>300</width>
				<font>font22</font>
			</control>
			<control type="image" description="Top line">
				<posx>66</posx>
				<posy>96</posy>
				<width>1494</width>
				<height>60</height>
				<texture border="3">list/ListNF.png</texture>
			</control>
			<control type="scrollbar" id="60">
				<posx>696</posx>
				<posy>116</posy>
				<width>36</width>
				<height>934</height>
				<texturesliderbackground></texturesliderbackground>
				<texturesliderbar></texturesliderbar>
				<texturesliderbarfocus></texturesliderbarfocus>
				<textureslidernib border="18">OSD/ScrollbarNibNF.png</textureslidernib>
				<textureslidernibfocus border="18" colordiffuse="$VAR[HighlightColor]">OSD/ScrollbarNibFO.png</textureslidernibfocus>
				<showonepage>false</showonepage>
				<orientation>vertical</orientation>
				<onleft>9000</onleft>
				<onright>50</onright>
			</control>
		</control>
		<include>Time</include>
	</controls>
</window>