<?xml version="1.0" encoding="UTF-8"?>
<includes>

    <expression name="Exp_View_50">[[Container.Content(addons) + [[String.IsEmpty(Container.PluginName)] | [!String.IsEmpty(Container.PluginName)]]] | [Container.Content(images) + [[String.IsEmpty(Container.PluginName)] | [!String.IsEmpty(Container.PluginName) + !String.IsEqual(Container.PluginName,plugin.video.netflix)]]] | [Container.Content(musicvideos) + [[String.IsEmpty(Container.PluginName)] | [!String.IsEmpty(Container.PluginName)]]] | [Container.Content(actors) + [[String.IsEmpty(Container.PluginName)] | [!String.IsEmpty(Container.PluginName)]]] | [Container.Content(tags) + [[String.IsEmpty(Container.PluginName)] | [!String.IsEmpty(Container.PluginName)]]] | [Container.Content(countries) + [[String.IsEmpty(Container.PluginName)] | [!String.IsEmpty(Container.PluginName)]]] | [Container.Content(genres) + [[String.IsEmpty(Container.PluginName)] | [!String.IsEmpty(Container.PluginName)]]] | [Container.Content(studios) + [[String.IsEmpty(Container.PluginName)] | [!String.IsEmpty(Container.PluginName)]]] | [Container.Content(years) + [[String.IsEmpty(Container.PluginName)] | [!String.IsEmpty(Container.PluginName)]]] | [Container.Content(directors) + [[String.IsEmpty(Container.PluginName)] | [!String.IsEmpty(Container.PluginName)]]] | [Container.Content(videos) + [[String.IsEmpty(Container.PluginName)] | [!String.IsEmpty(Container.PluginName) + !String.IsEqual(Container.PluginName,plugin.video.netflix)]]] | [Container.Content(movies) + [[String.IsEmpty(Container.PluginName)] | [!String.IsEmpty(Container.PluginName) + !String.IsEqual(Container.PluginName,plugin.video.netflix)]]] | [Container.Content(tvshows) + [[String.IsEmpty(Container.PluginName)] | [!String.IsEmpty(Container.PluginName) + !String.IsEqual(Container.PluginName,plugin.video.netflix)]]] | [Container.Content(songs) + [[String.IsEmpty(Container.PluginName)] | [!String.IsEmpty(Container.PluginName)]]] | [Container.Content(playlists) + [[String.IsEmpty(Container.PluginName)] | [!String.IsEmpty(Container.PluginName)]]] | [Container.Content() + !Window.IsVisible(MyPVRChannels.xml) + !Window.IsVisible(MyPVRTimers.xml) + !Window.IsVisible(MyPVRSearch.xml) + !Window.IsVisible(MyPVRRecordings.xml) + [[String.IsEmpty(Container.PluginName)] | [!String.IsEmpty(Container.PluginName) + !String.IsEqual(Container.PluginName,plugin.video.netflix)]]] | [Container.Content(albums) + [!String.IsEmpty(Container.PluginName)]] | [Container.Content(seasons) + [!String.IsEmpty(Container.PluginName) + !String.IsEqual(Container.PluginName,plugin.video.netflix)]] | [Container.Content(artists) + [!String.IsEmpty(Container.PluginName)]] | [Container.Content(sets) + [!String.IsEmpty(Container.PluginName)]] | [Container.Content(episodes) + [!String.IsEmpty(Container.PluginName) + !String.IsEqual(Container.PluginName,plugin.video.netflix)]] | [Container.Content(files) + [!String.IsEmpty(Container.PluginName) + !String.IsEqual(Container.PluginName,plugin.video.netflix)]] | [Window.IsVisible(MyPVRChannels.xml) + [!String.IsEmpty(Container.PluginName)]] | [Window.IsVisible(MyPVRTimers.xml) + [!String.IsEmpty(Container.PluginName)]] | [Window.IsVisible(MyPVRSearch.xml) + [!String.IsEmpty(Container.PluginName)]] | [Window.IsVisible(MyPVRRecordings.xml) + [!String.IsEmpty(Container.PluginName)]]]</expression>
    <expression name="Exp_View_50_Include">True</expression>
    <expression name="Exp_View_54">[[Container.Content(sets) + [String.IsEmpty(Container.PluginName)]]]</expression>
    <expression name="Exp_View_54_Include">True</expression>
    <expression name="Exp_View_501">[[Container.Content(albums) + [String.IsEmpty(Container.PluginName)]] | [Container.Content(artists) + [String.IsEmpty(Container.PluginName)]]]</expression>
    <expression name="Exp_View_501_Include">True</expression>
    <expression name="Exp_View_52">[[Window.IsVisible(MyPVRTimers.xml) + [String.IsEmpty(Container.PluginName)]]]</expression>
    <expression name="Exp_View_52_Include">True</expression>
    <expression name="Exp_View_502">[[Container.Content(seasons) + [String.IsEmpty(Container.PluginName)]] | [Container.Content(episodes) + [String.IsEmpty(Container.PluginName)]]]</expression>
    <expression name="Exp_View_502_Include">True</expression>
    <expression name="Exp_View_51">[False]</expression>
    <expression name="Exp_View_51_Include">False</expression>
    <expression name="Exp_View_511">[[Container.Content(files) + [String.IsEmpty(Container.PluginName)]]]</expression>
    <expression name="Exp_View_511_Include">True</expression>
    <expression name="Exp_View_55">[[Window.IsVisible(MyPVRChannels.xml) + [String.IsEmpty(Container.PluginName)]] | [Window.IsVisible(MyPVRSearch.xml) + [String.IsEmpty(Container.PluginName)]]]</expression>
    <expression name="Exp_View_55_Include">True</expression>
    <expression name="Exp_View_551">[[Window.IsVisible(MyPVRRecordings.xml) + [String.IsEmpty(Container.PluginName)]]]</expression>
    <expression name="Exp_View_551_Include">True</expression>
    <expression name="Exp_View_53">[False]</expression>
    <expression name="Exp_View_53_Include">False</expression>
    <expression name="Exp_View_56">[[Container.Content(files) + [String.IsEqual(Container.PluginName,plugin.video.netflix)]] | [Container.Content(videos) + [String.IsEqual(Container.PluginName,plugin.video.netflix)]] | [Container.Content() + !Window.IsVisible(MyPVRChannels.xml) + !Window.IsVisible(MyPVRTimers.xml) + !Window.IsVisible(MyPVRSearch.xml) + !Window.IsVisible(MyPVRRecordings.xml) + [String.IsEqual(Container.PluginName,plugin.video.netflix)]] | [Container.Content(movies) + [String.IsEqual(Container.PluginName,plugin.video.netflix)]] | [Container.Content(episodes) + [String.IsEqual(Container.PluginName,plugin.video.netflix)]] | [Container.Content(seasons) + [String.IsEqual(Container.PluginName,plugin.video.netflix)]] | [Container.Content(tvshows) + [String.IsEqual(Container.PluginName,plugin.video.netflix)]] | [Container.Content(images) + [String.IsEqual(Container.PluginName,plugin.video.netflix)]]]</expression>
    <expression name="Exp_View_56_Include">True</expression>
    <expression name="Exp_View_57">[False]</expression>
    <expression name="Exp_View_57_Include">False</expression>
    <expression name="Exp_View_58">[False]</expression>
    <expression name="Exp_View_58_Include">False</expression>
    <expression name="Exp_View_600">[False]</expression>
    <expression name="Exp_View_600_Include">False</expression>
</includes>