<?xml version="1.0" encoding="UTF-8"?>
<includes>
	
	<include name="PVRRecordingSpaceUsage">
	    <param name="posx">355</param>
		<param name="posy">1020</param>
		<param name="height">38</param>
		<param name="width">760</param>
		<definition>
		    <control type="group">
			    <posx>$PARAM[posx]</posx>
				<posy>$PARAM[posy]</posy>
				<height>$PARAM[height]</height>
				<visible>Window.IsActive(MyPVRRecordings.xml)</visible>
				<control type="label">
					<description>Disk usage text</description>
					<top>0</top>
					<width>$PARAM[width]</width>
					<height>20</height>
					<label>$INFO[PVR.backenddiskspace]</label>
					<visible>!Integer.IsGreater(PVR.backenddiskspaceprogr,100)</visible>
				</control>
				<control type="progress">
					<description>Disk usage bar</description>
					<top>30</top>
					<width>$PARAM[width]</width>
					<height>6</height>
					<info>PVR.backenddiskspaceprogr</info>
					<texturebg border="0,0,0,0">img/AmberDotBG.png</texturebg>
					<midtexture border="0,0,0,0">img/AmberDot.png</midtexture>
					<visible>!Integer.IsGreater(PVR.backenddiskspaceprogr,100)</visible>
				</control>
			</control>
		</definition>
	</include>
	
	<include name="PVRChannelProgress">
	    <param name="posx">355</param>
		<param name="posy">1020</param>
		<param name="height">38</param>
		<param name="width">760</param>
		<definition>
		    <control type="group">
			    <visible>Window.IsActive(MyPVRChannels.xml)</visible>
				<visible>ListItem.HasEPG</visible>
				<posx>$PARAM[posx]</posx>
				<posy>$PARAM[posy]</posy>
				<width>$PARAM[width]</width>
				<height>$PARAM[height]</height>
				<control type="label">
				    <top>0</top>
					<height>30</height>
					<width>$PARAM[width]</width>
					<label>$LOCALIZE[32478]</label>
					<textcolor>$VAR[HighlightColor]</textcolor>
					<font>ListDetailsSmall</font>
				</control>
				<control type="progress">
				    <top>33</top>
					<width>$PARAM[width]</width>
					<height>5</height>
				    <texturebg border="0,0,0,0">img/AmberDotBG.png</texturebg>
				    <midtexture colordiffuse="Red" border="0,0,0,0">img/AmberDot.png</midtexture>
				    <info>ListItem.Progress</info>
				    <visible>ListItem.IsRecording</visible>
			    </control>
			    <control type="progress">
				    <top>33</top>
					<width>$PARAM[width]</width>
					<height>5</height>
				    <texturebg border="0,0,0,0" colordiffuse="$VAR[LabelTextColor]">img/AmberDotBG.png</texturebg>
				    <midtexture border="0,0,0,0" colordiffuse="$VAR[HighlightColor]">img/AmberDot.png</midtexture>
				    <info>ListItem.Progress</info>
				    <visible>!ListItem.IsRecording</visible>
			    </control>
			</control>	
	    </definition>
	</include>
	
	<include name="PVRChannelOverlay">
        <param name="isFocused">false</param>
		<param name="itemheight">72</param>
		<param name="posx">1295</param>
		<definition>
			<control type="image">
			    <visible>!$PARAM[isFocused]</visible>
				<posx>$PARAM[posx]</posx>
			    <width>30</width>
			    <height>$PARAM[itemheight]</height>
			    <texture>$VAR[PVROverlay]</texture>
			    <aspectratio aligny="center">keep</aspectratio>
			</control>
			<control type="image">
			    <visible>$PARAM[isFocused]</visible>
				<posx>$PARAM[posx]</posx>
			    <width>30</width>
			    <height>$PARAM[itemheight]</height>
			    <texture>$VAR[PVROverlay]</texture>
			    <aspectratio aligny="center">keep</aspectratio>
				<colordiffuse>$VAR[FocusedTextColor]</colordiffuse>
			</control>
		</definition>
	</include>
	
	<include name="PVRSideBlade">
		<control type="group" id="8999">
			<include>9000Commons</include>
			<include>9000NavCommons</include>
			<control type="button" id="28">
				<left>-1000</left>
				<label></label>
				<height>1</height>
			</control>
			<control type="group">
			    <posx>-60</posx>
			    <posy>-13</posy>
			    <include condition="Skin.HasSetting(Enable.TouchSupport)" content="DialogCloseButtonCommons">
				    <param name="Action">SetFocus(50)</param>
					<param name="ondown">9000</param>
				</include>
				<animation effect="fade" time="200" start="100" end="20" reversible="true" condition="[!ControlGroup(9000).HasFocus() + !Control.HasFocus(909090)]">Conditional</animation>
		    </control>
			<control type="grouplist" id="9000">
				<include>9000PVRGrouplistParameters</include>
				<!-- PVR view options -->
				<control type="label" id="201">
					<textcolor>$VAR[HighlightColor]</textcolor>
					<textoffsetx>10</textoffsetx>
					<align>left</align>
					<include>9000ViewButtons</include>
					<label>$LOCALIZE[14018]</label>
					<visible>Control.IsVisible(6060) | Control.IsVisible(6054) | Control.IsVisible(60551)</visible>
				</control>
				<control type="button" id="6060">
					<include>9000SysButtons</include>
					<label>$LOCALIZE[19141]</label>
					<label2>[B]$INFO[Control.GetLabel(29)][/B]</label2>
					<onclick>SendClick(28)</onclick>
					<visible>Window.IsActive(MyPVRChannels.xml)</visible>
				</control>
				<control type="button" id="6054">
					<include>9000SysButtons</include>
					<label>$LOCALIZE[19141]</label>
					<label2>[B]$INFO[Control.GetLabel(30)][/B]</label2>
					<onclick>SendClick(28)</onclick>
					<visible> Window.IsActive(MyPVRGuide.xml)</visible>
				</control>
				<control type="button" id="60551">
					<include>9000SysButtons</include>
					<label>$LOCALIZE[456]</label>
					<label2>[B]$INFO[Container.Viewmode][/B]</label2>
					<onclick>Container.NextViewMode</onclick>
					<visible>Window.IsActive(MyPVRGuide.xml)</visible>
				</control>
				<!-- PVR Misc. options -->
				<control type="label" id="300">
					<label>$LOCALIZE[31026]</label>
					<textcolor>$VAR[HighlightColor]</textcolor>
					<textoffsetx>10</textoffsetx>
					<align>left</align>
					<include>9000ViewButtons</include>
					<visible>Control.IsVisible(31) | Control.IsVisible(5) | Control.IsVisible(6) | Control.IsVisible(7) | Control.IsVisible(8)</visible>
				</control>
				<control type="radiobutton" id="31">
					<include>9000SysButtons</include>
					<label>$LOCALIZE[587]</label>
					<selected>Container.Filtered</selected>
					<onclick>right</onclick>
					<visible>Window.IsActive(MyPVRChannels.xml)</visible>
				</control>
				<control type="radiobutton" id="32">
					<include>9000SysButtons</include>
					<label>$LOCALIZE[32000]</label>
					<selected>Skin.HasSetting(HideEPGLogos)</selected>
					<onclick>Skin.ToggleSetting(HideEPGLogos)</onclick>
					<visible>Window.IsActive(MyPVRChannels.xml) | Window.IsActive(MyPVRGuide.xml)</visible>
				</control>
				<control type="radiobutton" id="33">
					<include>9000SysButtons</include>
					<label>$LOCALIZE[32229]</label>
					<selected>Skin.HasSetting(HideGuideChannelGroups)</selected>
					<onclick>Skin.ToggleSetting(HideGuideChannelGroups)</onclick>
					<visible>Window.IsActive(MyPVRGuide.xml)</visible>
				</control>
				<control type="radiobutton" id="5">
					<description>Group recording items by folder structure</description>
					<include>9000SysButtons</include>
					<label>$LOCALIZE[19270]</label>
					<visible>Window.IsActive(MyPVRRecordings.xml)</visible>
				</control>
				<control type="radiobutton" id="6">
					<description>Show hidden channels</description>
					<include>9000SysButtons</include>
					<label>$LOCALIZE[19051]</label>
					<visible>Window.IsActive(MyPVRChannels.xml)</visible>
				</control>
				<control type="radiobutton" id="7">
					<description>Show deleted recordings</description>
					<include>9000SysButtons</include>
					<label>$LOCALIZE[19184]</label>
					<visible>Window.IsActive(MyPVRRecordings.xml)</visible>
				</control>
				<control type="radiobutton" id="8">
					<description>Hide disabled timers</description>
					<include>9000SysButtons</include>
					<label>$LOCALIZE[19077]</label>
					<visible>Window.IsActive(MyPVRTimers.xml)</visible>
				</control>
				<control type="button" id="699" description="Playing">
					<enable>Player.HasMedia</enable>
					<include>9000SysButtons</include>
					<label>$LOCALIZE[16003]</label>
					<onclick>fullscreen</onclick>
				</control>
				<!-- PVR Sections -->
				<control type="label" id="200">
					<textcolor>$VAR[HighlightColor]</textcolor>
					<textoffsetx>10</textoffsetx>
					<align>left</align>
					<include>9000ViewButtons</include>
					<label>$LOCALIZE[31052]</label>
				</control>
				<control type="button" id="100">
					<description>Channels</description>
					<include>9000SysButtons</include>
					<label>$LOCALIZE[19019]</label> 
					<onclick condition="Window.IsActive(TVChannels) | Window.IsActive(RadioChannels)">NextChannelGroup</onclick> 
					<onclick condition="String.IsEmpty(Window.Property(IsRadio))">ActivateWindow(TVChannels)</onclick> 
					<onclick condition="!String.IsEmpty(Window.Property(IsRadio))">ActivateWindow(RadioChannels)</onclick> 
				</control>
				<control type="button" id="101">
					<description>TV Guide</description>
					<include>9000SysButtons</include>
					<label>$LOCALIZE[22020]</label> 
					<onright>10</onright>	  
					<onclick condition="Window.IsActive(TVGuide) | Window.IsActive(RadioGuide)">NextChannelGroup</onclick> 
					<onclick condition="String.IsEmpty(Window.Property(IsRadio))">ActivateWindow(TVGuide)</onclick> 
					<onclick condition="!String.IsEmpty(Window.Property(IsRadio))">ActivateWindow(RadioGuide)</onclick> 
				</control>
				<control type="button" id="102">
					<description>Recordings</description>
					<include>9000SysButtons</include>
					<label>$LOCALIZE[19163]</label> 
					<onclick condition="String.IsEmpty(Window.Property(IsRadio))">ActivateWindow(TVRecordings)</onclick> 
					<onclick condition="!String.IsEmpty(Window.Property(IsRadio))">ActivateWindow(RadioRecordings)</onclick> 
				</control>
				<control type="button" id="103">
					<description>Timer Rules</description>
					<include>9000SysButtons</include>
					<label>$LOCALIZE[19138]</label> 
					<onclick condition="String.IsEmpty(Window.Property(IsRadio))">ActivateWindow(TVTimerRules)</onclick> 
					<onclick condition="!String.IsEmpty(Window.Property(IsRadio))">ActivateWindow(RadioTimerRules)</onclick> 
				</control>
				<control type="button" id="104">
					<description>Timers</description>
					<include>9000SysButtons</include>
					<label>$LOCALIZE[19040]</label> 
					<onclick condition="String.IsEmpty(Window.Property(IsRadio))">ActivateWindow(TVTimers)</onclick> 
					<onclick condition="!String.IsEmpty(Window.Property(IsRadio))">ActivateWindow(RadioTimers)</onclick> 
				</control>
				<control type="button" id="105">
					<description>Search</description>
					<visible>![Window.IsActive(TVSearch) | Window.IsActive(RadioSearch)]</visible>
					<include>9000SysButtons</include>
					<label>$LOCALIZE[137]</label> 
					<onclick condition="String.IsEmpty(Window.Property(IsRadio))">ActivateWindow(TVSearch)</onclick> 
					<onclick condition="!String.IsEmpty(Window.Property(IsRadio))">ActivateWindow(RadioSearch)</onclick> 
				</control>
			</control>
		</control>
	</include>
	<!-- EPG TIMELINE -->
	<include name="EPGTimelineView">
		<control type="group">
			<description>TV Guide Timeline</description>
			<visible>Control.IsVisible(10)</visible>
			<include>VisibleFadeEffect</include>
			<control type="epggrid" id="10">
				<viewtype label="$LOCALIZE[19032]">list</viewtype> 
				<description>EPG Grid</description> 
				<posx>30</posx>
				<width>1850</width>
				<include condition="!Skin.HasSetting(Enable.TouchSupport)">EPGHeightStandard</include>
				<include condition="Skin.HasSetting(Enable.TouchSupport)">EPGHeightTouch</include>
				<scrolltime tween="quadratic" easing="out">300</scrolltime>
				<timeblocks>34</timeblocks>
				<rulerunit>6</rulerunit>
				<onleft condition="!Skin.HasSetting(KioskMode.Enabled)">101</onleft>
				<onleft condition="Skin.HasSetting(KioskMode.Enabled)">10</onleft>
				<onright>60</onright>
				<onback>11</onback>
				<onup>11</onup>
				<ondown>10</ondown>
				<pagecontrol>60</pagecontrol>
				<progresstexture border="0,96,18,14" colordiffuse="$VAR[HighlightColor]">img/EPGMarker.png</progresstexture>
				<rulerlayout height="80" width="1400">
					<control type="image" id="1" description="Header row">
						<width>1400</width>
						<height>60</height>
						<texture></texture>
					</control>
					<control type="label" id="2">
						<posx>10</posx>
						<width>1400</width>
						<height>60</height>
						<aligny>center</aligny>
						<align>left</align>
						<font>Details</font>
						<label>$INFO[ListItem.Label]</label>
					</control>
				</rulerlayout>
				<channellayout height="70" width="420">
					<control type="label">
						<width>75</width>
						<height>70</height>
						<align>center</align>
						<label>$INFO[ListItem.ChannelNumberLabel]</label>
					</control>
					<control type="label" id="1" description="Column 1 selected">
						<visible>!Skin.HasSetting(HideEPGLogos)</visible>
						<posx>80</posx>
						<width>258</width>
						<height>70</height>
						<scroll>false</scroll>
						<font>ListDetails</font>
						<label>$INFO[ListItem.ChannelName]</label>
					</control>
					<control type="label" id="1" description="Column 1 selected">
						<visible>Skin.HasSetting(HideEPGLogos)</visible>
						<posx>80</posx>
						<width>335</width>
						<height>70</height>
						<scroll>false</scroll>
						<font>ListDetails</font>
						<label>$INFO[ListItem.ChannelName]</label>
					</control>
					<control type="image" description="Channel Logo">
						<visible>!Skin.HasSetting(HideEPGLogos)</visible>
						<posx>345</posx>
						<posy>4</posy>
						<width>58</width>
						<height>58</height>
						<aspectratio>keep</aspectratio>
						<texture>$INFO[ListItem.Icon]</texture>
					</control>
				</channellayout>
				<focusedchannellayout height="70" width="420">
					<control type="label" description="Column 1 FO">
						<width>75</width>
						<height>70</height>
						<align>center</align>
						<aligny>center</aligny>
						<textcolor>$VAR[HighlightColor]</textcolor>
						<label>$INFO[ListItem.ChannelNumberLabel]</label>
					</control>
					<control type="label" id="1" description="Column 1 Focused">
						<visible>!Skin.HasSetting(HideEPGLogos)</visible>
						<posx>80</posx>
						<width>258</width>
						<height>70</height>
						<textcolor>$VAR[HighlightColor]</textcolor>
						<aligny>center</aligny>
						<align>left</align>
						<font>ListDetails</font>
						<label>$INFO[ListItem.ChannelName]</label>
					</control>
					<control type="label" id="1" description="Column 1 selected">
						<visible>Skin.HasSetting(HideEPGLogos)</visible>
						<posx>80</posx>
						<width>335</width>
						<height>70</height>
						<font>ListDetails</font>
						<label>$INFO[ListItem.ChannelName]</label>
					</control>
					<control type="image" description="Channel Logo">
						<visible>!Skin.HasSetting(HideEPGLogos)</visible>
						<posx>345</posx>
						<posy>4</posy>
						<width>58</width>
						<height>58</height>
						<aspectratio>keep</aspectratio>
						<texture>$INFO[ListItem.Icon]</texture>
					</control>
				</focusedchannellayout>
				<itemlayout height="72" width="60">
					<control type="image" id="2" description="Row">
						<width>58</width>
						<height>72</height>
						<bordersize>1</bordersize>
						<texture fallback="pvr_genres/0.png">pvr_genres/$INFO[ListItem.Property(GenreType)].png</texture>
					</control>
					<control type="image">
						<posx>7</posx>
						<posy>-12</posy>
						<width>20</width>
						<height>71</height>
						<texture>$VAR[PVROverlay]</texture>
						<aspectratio>keep</aspectratio>
					</control>
					<control type="label" id="1">
						<posx>33</posx>
						<posy>6</posy>
						<width>23</width>
						<height>36</height>
						<font>ListDetails</font>
						<label>$INFO[ListItem.Label]</label>
						<scroll>false</scroll>
						<textcolor>$VAR[LabelTextColor]</textcolor>
						<visible>$EXP[ShowPVROverlay]</visible>
					</control>
					<control type="label" id="1">
						<posx>7</posx>
						<posy>6</posy>
						<width>45</width>
						<height>36</height>
						<scroll>false</scroll>
						<textcolor>$VAR[LabelTextColor]</textcolor>
						<font>ListDetails</font>
						<label>$INFO[ListItem.Label]</label>
						<visible>![$EXP[ShowPVROverlay]]</visible>
					</control>
				</itemlayout>
				<focusedlayout height="72" width="60">
					<control type="image" id="2" description="Row">
						<width>54</width>
						<height>71</height>
						<texture colordiffuse="$VAR[HighlightColor]">img/WhiteRoundedST2.png</texture>
						<bordersize>1</bordersize>
					</control>
					<control type="image">
						<posx>7</posx>
						<posy>-16</posy>
						<width>20</width>
						<height>71</height>
						<texture colordiffuse="$VAR[FocusedTextColor]">$VAR[PVROverlay]</texture>
						<aspectratio>keep</aspectratio>
					</control>
					<control type="label" id="1">
						<posx>33</posx>
						<posy>2</posy>
						<width>23</width>
						<height>36</height>
						<font>ListDetails</font>
						<label>$INFO[ListItem.Label]</label>
						<scroll>true</scroll>
						<textcolor>$VAR[FocusedTextColor]</textcolor>
						<selectedcolor>$VAR[FocusedTextColor]</selectedcolor>
						<shadowcolor></shadowcolor>
						<visible>$EXP[ShowPVROverlay]</visible>
					</control>
					<control type="label" id="1">
						<posx>7</posx>
						<posy>2</posy>
						<width>45</width>
						<height>36</height>
						<scroll>false</scroll>
						<textcolor>$VAR[FocusedTextColor]</textcolor>
						<selectedcolor>$VAR[FocusedTextColor]</selectedcolor>
						<shadowcolor></shadowcolor>
						<font>ListDetails</font>
						<label>$INFO[ListItem.Label]</label>
						<visible>![$EXP[ShowPVROverlay]]</visible>
					</control>
					<control type="label" id="1">
						<posx>7</posx>
						<posy>30</posy>
						<height>36</height>
						<font>ListDetails</font>
						<label>$INFO[ListItem.StartTime,, - ]$INFO[ListItem.EndTime,,]</label>
						<scroll>false</scroll>
						<textcolor>$VAR[FocusedTextColor]</textcolor>
						<selectedcolor>$VAR[FocusedTextColor]</selectedcolor>
						<shadowcolor></shadowcolor> 
					</control>			  
				</focusedlayout>
			</control>
			<control type="image" description="Top split">
				<posx>30</posx>
				<posy>297</posy>
				<width>1850</width>
				<height>3</height>
				<texture>img/LineST.png</texture>
			</control>
			<control type="image" description="Channel Group Panel">
				<posx>30</posx>
				<posy>300</posy>
				<width>1850</width>
				<height>122</height>
				<texture>img/LineST.png</texture>
				<visible>!Skin.HasSetting(HideGuideChannelGroups)</visible>
			</control>
			<control type="image" description="Middle split">
				<posx>30</posx>
				<posy>422</posy>
				<width>1800</width>
				<height>3</height>
				<texture>img/LineST.png</texture>
			</control>
			<control type="group">
				<visible>Control.IsVisible(10)</visible>
				<visible>!Skin.HasSetting(HideGuideChannelGroups)</visible>
				<control type="image">
					<posx>40</posx>
					<posy>290</posy>
					<width>306</width>
					<height>80</height>
					<aligny>center</aligny>
					<texture colordiffuse="$VAR[HighlightColor]" border="20">button-foguide.png</texture>
					<visible>Control.HasFocus(11)</visible>
				</control>
				<control type="image">
					<posx>15</posx>
					<posy>315</posy>
					<width>20</width>
					<height>30</height>
					<texture colordiffuse="$VAR[HighlightColor]">arrowleft.png</texture>
				</control>
				<control type="image">
					<posx>30r</posx>
					<posy>315</posy>
					<width>20</width>
					<height>30</height>
					<texture colordiffuse="$VAR[HighlightColor]">arrowright.png</texture>
				</control>
			</control>
			<control type="group">
				<description>Channel Groups on EPG Timeline</description>
				<visible>Control.IsVisible(10) + !Skin.HasSetting(HideGuideChannelGroups)</visible>
				<width>1880</width>
				<control type="fixedlist" id="11">
					<posx>42</posx>
					<posy>290</posy>
					<onleft>PreviousChannelGroup</onleft>
					<onright>NextChannelGroup</onright>
					<onup condition="Control.IsVisible(10)">101</onup>
					<ondown>10</ondown>
					<orientation>horizontal</orientation>
					<scrolltime>200</scrolltime>
					<visible>Control.IsVisible(10)</visible>
					<itemlayout height="85" width="306">
						<control type="image">
							<left>1</left>
							<top>0</top>
							<width>306</width>
							<height>80</height>
							<aligny>center</aligny>
							<texture colordiffuse="FF666666" border="20">button-nofoguide.png</texture>
						</control>
						<control type="label">
							<top>17</top>
							<left></left>
							<width>300</width>
							<height>42</height>
							<align>center</align>
							<aligny>center</aligny>
							<font>ListDetails</font>
							<label>$INFO[ListItem.Label]</label>
							<textcolor>lightgrey</textcolor>
						</control>
					</itemlayout>
					<focusedlayout height="85" width="306">
						<control type="image">
							<left>1</left>
							<top>0</top>
							<width>306</width>
							<height>80</height>
							<aligny>center</aligny>
							<texture colordiffuse="$VAR[HighlightColor]" border="20">button-foguide.png</texture>
							<animation effect="fade" end="30" condition="true">Conditional</animation>
							<visible>!Control.HasFocus(11)</visible>
						</control>
						<control type="label">
							<top>17</top>
							<left></left>
							<width>300</width>
							<height>42</height>
							<align>center</align>
							<aligny>center</aligny>
							<scroll>true</scroll>
							<textcolor>$VAR[FocusedTextColor]</textcolor>
							<font>ListDetails</font>
							<label>$INFO[ListItem.Label]</label>
						</control>
					</focusedlayout>
				</control>
			</control>
			<include condition="Skin.HasSetting(Enable.TouchSupport)">TouchButtons</include>
		</control>
	</include>
</includes>
