<?xml version="1.0" encoding="UTF-8"?>
<addon id="skin.amber" version="3.3.99" name="Amber" provider-name="Jester, Joethepartylion, Pecinko, bsoriano">
    <requires>
        <import addon="xbmc.gui" version="5.15.0"/>
        <import addon="script.favourites" version="7.1.1"/>
        <import addon="resource.uisounds.amber" version="1.0.0"/>
        <import addon="script.skinshortcuts" version="1.0.17"/>
    </requires>
    <extension point="xbmc.gui.skin" debugging="false">
        <res width="1920" height="1080" aspect="16:9" default="true" folder="1080i" />
    </extension>
    <extension point="xbmc.addon.metadata">
        <summary lang="de_DE">Keine Bloatware, nur Ihre Medien mit einer leicht zu navigierenden Oberfläche</summary>
        <summary lang="en_AU">No bloatware, just your media with an easy to navigate interface</summary>
        <summary lang="en_GB">No bloatware, just your media with an easy to navigate interface</summary>
        <summary lang="en_NZ">No bloatware, just your media with an easy to navigate interface</summary>
        <summary lang="en_US">No bloatware, just your media with an easy to navigate interface</summary>
        <summary lang="es_ES">Sin excesos, solo su contenido con una interfaz fácil de navegar</summary>
        <summary lang="fi_FI">Ei sisällä turhia lisäominaisuuksia. Yksinkertainen käyttöliittymä mediakirjastollesi.</summary>
        <summary lang="fr_CA">Pas d’inflagiciel, juste vos médias avec une interface facile à parcourir</summary>
        <summary lang="fr_FR">Pas d'usine à gaz, juste les médias avec une interface épurée</summary>
        <summary lang="it_IT">Skin leggera, i tuoi media con un'interfaccia semplice in cui navigare</summary>
        <summary lang="nl_NL">Geen bloatware, alleen jouw media in een makkelijk te navigeren omgeving</summary>
        <summary lang="pt_BR">Sem bloatware, apenas sua mídia com uma interface fácil de navegar</summary>
        <description lang="de_DE">Keine Bloatware, nur Ihre Medien mit einer einfach zu navigierenden Oberfläche.[CR]Benutzt Texturen aus den Mediastream und Aeon skins.</description>
        <description lang="en_AU">No bloatware, just your media with an easy to navigate interface.[CR]Uses some textures from Mediastream and Aeon skins.</description>
        <description lang="en_GB">No bloatware, just your media with an easy to navigate interface.[CR]Uses some textures from Mediastream and Aeon skins.</description>
        <description lang="en_NZ">No bloatware, just your media with an easy to navigate interface.[CR]Uses some textures from Mediastream and Aeon skins.</description>
        <description lang="en_US">No bloatware, just your media with an easy to navigate interface.[CR]Uses some textures from Mediastream and Aeon skins.</description>
        <description lang="es_ES">Sin excesos, sólo su contenido con una interfaz fácil de navegar.[CR]Utiliza algunas texturas de los skins Mediastream y Aeon.</description>
        <description lang="fi_FI">Ei sisällä turhia lisäominaisuuksia. Yksinkertainen käyttöliittymä mediakirjastollesi.[CR]Käyttää joitakin kuvatiedostoja Mediastream- ja Aeon-ulkoasuista.</description>
        <description lang="fr_CA">Pas d’inflagiciel, juste vos médias avec une interface facile à parcourir.[CR]Utilise des textures des habillages Mediastream et Aeon.</description>
        <description lang="fr_FR">Pas d'utilisation excessive des ressources, juste vos médias avec une interface facile à utiliser.[CR]Utilise quelques textures provenant des habillages Mediastream et Aeon.</description>
        <description lang="it_IT">Skin leggera, i tuoi media con un'interfaccia semplice in cui navigare.[CR]Usa alcuni elementi grafici delle skin Mediastream e Aeon.</description>
        <description lang="nl_NL">Geen bloatware. alleen jouw media met een makkelijk te navigeren interface.[CR]Gebruikt sommige texturen van de Mediastream- en Aeonontwerpen.</description>
        <description lang="pt_BR">Sem excessos, apenas a sua mídia com uma interface fácil de navegar. [CR]Utiliza algumas texturas das skins Mediastream e Aeon.</description>
        <description lang="pt_PT">Um tema sem excessos que apenas mostra a sua média com uma interface de navegação simples.[CR]Utiliza algumas texturas dos temas Mediastream e Aeon.</description>
        <platform>all</platform>
        <license>GNU GENERAL PUBLIC LICENSE. Version 3, June 2007</license>
        <forum>https://forum.kodi.tv/forumdisplay.php?fid=203</forum>
        <source>https://github.com/bartolomesoriano/skin.amber</source>
        <assets>
            <icon>resources/icon.png</icon>
            <fanart>resources/fanart.jpg</fanart>
            <screenshot>resources/screenshot01.jpg</screenshot>
            <screenshot>resources/screenshot02.jpg</screenshot>
            <screenshot>resources/screenshot03.jpg</screenshot>
            <screenshot>resources/screenshot04.jpg</screenshot>
            <screenshot>resources/screenshot05.jpg</screenshot>
            <screenshot>resources/screenshot06.jpg</screenshot>
            <screenshot>resources/screenshot07.jpg</screenshot>
            <screenshot>resources/screenshot08.jpg</screenshot>
            <screenshot>resources/screenshot09.jpg</screenshot>
            <screenshot>resources/screenshot10.jpg</screenshot>
        </assets>
        <news>3.3.99 (09-07-2020)
		- Provide autoscroll options for shelves
		- Option for label scrolling for shelves
		- Misc. Fixes
		3.3.98 (09-07-2020)
		- Finish artwork options work for shelves
		- Misc. Fixes
		3.3.97 (03-07-2020)
		- Fix issue with menu build
		- Fixes for music in Fanart view
		- Proper localization of shortcuts management dialog entries
		3.3.96 (02-07-2020)
		- Allow user to choose artwork type for shelves (square and poster for now)
		- Fixes for music in Fanart view
		- Misc. fixes
		3.3.95 (24-06-2020)
		- Allow low option for shelves in horizontal menu
		- Misc. fixes
		3.3.94 (20-06-2020)
		- Allow multiple images per genre for custom paths for video and music genre fanart
		- Misc. fixes
		3.3.93 (17-06-2020)
		- Faster cast if show only local info
		- Custom paths for video and music genre icons and fanart
		- Oscars and Golden Globes info in video info dialog
		- Misc. Fixes
		3.3.92 (12-06-2020)
		- Three row shelves with larger icons
		- New View Selector/Configurator (uses script.skinvariables)
		- Misc. Fixes
		3.3.88 (06-06-2020)
        - Fixes to new alphabet strip for mouse use
        - Fixes to fanart view
		3.3.87 (04-06-2020)
		- Fixes to 3 shelves together and triple row shelves
		- Change select dialog to show bigger artwork
		- Option to shift Fanart view focus to the right
		- Option for mouse/touch-friendly alphabet strip
		- Misc. fixes
		3.3.86 (27-05-2020)
		- Up to 5 Custom Shelves
		- Option to show Three Shelves Together
		- Option to show triple row shelves
		- Complete French translation
		- Misc. fixes
		3.3.84 (21-05-2020)
		- Option to show/hide media play count in views
		- Fix showing time to go to when seeking with numbers
		- More French language fixes
		- Misc. fixes
		3.3.83 (20-05-2020)
        - Show song play count info in List views
        - Fix collection count info for BigList view
        - Fix for mouse events in VideoOSD
        - More French language fixes
		3.3.82 (18-05-2020)
        - Make optional settings for backgrounds and info lines
        - Fixes for fanart view
        - Show play count for songs in media views
        - More French language fixes
		3.3.81 (17-05-2020)
        - Bump GUI version to 5.15
        - Remove skin.helper.widgets dependency
		3.3.80 (15-05-2020)
        - Add banners for movies in icon media views
        - Allow Embuary Helper for backgrounds for nodes
        - Fix recently played tv shows shelf for Kodi 18.6
        - Add option to limit number of fanarts used for background
        </news>
    </extension>
</addon>
