<?xml version="1.0" encoding="UTF-8"?>
<window>
	<onunload>RunScript(script.skinshortcuts,type=buildxml&amp;mainmenuID=300&amp;group=mainmenu|powermenu&amp;levels=5)</onunload>
	<defaultcontrol always="true">9000</defaultcontrol>
	<backgroundcolor>0</backgroundcolor>
	<controls>
		<include>DefaultBackground</include>
		<include>Time</include>
		<control type="group" description="Content">
			<animation effect="fade" time="250" condition="!Window.Previous(SettingsCategory.xml)">WindowOpen</animation>
			<animation effect="fade" time="250" condition="!Window.Next(SettingsCategory.xml)">WindowClose</animation>
			<control type="image" description="Left Menu background">
				<left>60</left>
				<top>60</top>
				<width>412</width>
				<height>980</height>
				<texture border="45">dialogs/TinyDialog.png</texture>
				<colordiffuse>$VAR[DialogBGColor]</colordiffuse>
			</control>
			<control type="image" description="2/2 Right Menu">
				<visible>!Control.IsVisible(9001)</visible>
				<left>462</left>
				<top>60</top>
				<width>1419</width>
				<height>980</height>
				<texture border="45">dialogs/TinyDialog.png</texture>
				<colordiffuse>$VAR[DialogBGColor]</colordiffuse>
			</control>
			<!-- 9000 Left panel -->
			<control type="list" id="9000">
				<posx>105</posx>
				<posy>120</posy>
				<width>322</width>
				<height>780</height>
				<onleft>noop</onleft>
				<onright>9100</onright>
				<onup>9000</onup>
				<ondown>9000</ondown>
				<pagecontrol></pagecontrol>
				<scrolltime>280</scrolltime>
				<itemlayout width="322" height="60">
					<control type="image">
						<width>322</width>
						<height>60</height>
						<texture border="3">buttons/ButtonNF.png</texture>
					</control>
					<control type="label" description="Main Label">
						<posx>10</posx>
						<width>301</width>
						<height>60</height>
						<label>$INFO[ListItem.Label]</label>
					</control>
				</itemlayout>
				<focusedlayout width="322" height="60">
					<control type="image" description="fa overlay">
						<animation effect="fade" start="100" end="40" time="100" condition="!Control.HasFocus(9000)">Conditional</animation>
						<width>322</width>
						<height>60</height>
						<texture border="4" colordiffuse="$VAR[HighlightColor]">img/WhiteRoundedST2.png</texture>
					</control>
					<control type="label" description="Main Label">
						<posx>10</posx>
						<width>301</width>
						<height>60</height>
						<textcolor>$VAR[FocusedTextColor]</textcolor>
						<shadowcolor></shadowcolor>
						<label>$INFO[ListItem.Label]</label>
					</control>
				</focusedlayout>
				<content>
					<item id="1" description="General">
						<label>$LOCALIZE[128]</label>
						<onclick>noop</onclick>
					</item>
					<item id="2" description="Home menu">
						<label>$LOCALIZE[31995]</label>
						<onclick>noop</onclick>
					</item>
					<item id="3" description="Backgrounds">
						<label>$LOCALIZE[32259]</label>
						<onclick>noop</onclick>
					</item>
					<item id="4" description="Media Views">
						<label>$LOCALIZE[31053]</label>
						<onclick>noop</onclick>
					</item>
                    <item id="5" description="Title Bar Options">
						<label>$LOCALIZE[32123]</label>
						<onclick>noop</onclick>
					</item>
					<item id="6" description="Now Playing Options">
						<label>$LOCALIZE[32300]</label>
						<onclick>noop</onclick>
					</item>
					<item id="7" description="Full Screen Options">
						<label>$LOCALIZE[32336]</label>
						<onclick>noop</onclick>
					</item>
                    <item id="8" description="Video Info Options">
						<label>$LOCALIZE[32107]</label>
						<onclick>noop</onclick>
					</item>
					<item id="9" description="Color Options">
						<label>$LOCALIZE[32266]</label>
						<onclick>noop</onclick>
					</item>
					<item id="10" description="Search">
						<label>$LOCALIZE[137]</label>
						<onclick>noop</onclick>
					</item>
					<item id="11" description="Advanced">
						<label>$LOCALIZE[31985]</label>
						<onclick>noop</onclick>
					</item>
					<item id="12" description="Backup/Restore">
						<label>$LOCALIZE[32064]</label>
						<onclick>noop</onclick>
					</item>
					<item id="13" description="Manage dependencies">
						<label>$LOCALIZE[24996]</label>
						<onclick>noop</onclick>
					</item>
				</content>
			</control>
			<control type="label" id="7001">
				<top>920</top>
				<width>412</width>
				<left>60</left>
				<height>30</height>
				<align>center</align>
				<textcolor>$VAR[HighlightColor]</textcolor>
				<label>[B]Amber[/B]</label>
			</control>
			<control type="label" id="7002">
				<top>960</top>
				<width>412</width>
				<left>60</left>
				<height>30</height>
				<align>center</align>
				<font>ListDetails</font>
				<label>$INFO[System.AddonVersion(skin.amber)]</label>
			</control>
			<control type="group" id="9100">
				<!--9000 1 General Options -->
				<include content="SkinSettingsArrows">
				    <param name="panelid">9101</param>
				</include>
				<control type="panel" id="9101">
					<visible>Container(9000).HasFocus(1)</visible>
					<onright>500</onright>
					<pagecontrol>500</pagecontrol>
					<onup>9101</onup>
					<ondown>9101</ondown>
					<include>SettingsListCommons</include>
					<content>
						<item id="1" description="Set Default Font Size">
							<label>$LOCALIZE[32343]</label>
							<label2>$VAR[DefaultFontLabel]</label2>
							<onclick>SetProperty(CustomSelectDefaultFont,True)</onclick>
							<onclick>ActivateWindow(1121)</onclick>
						</item>
						<include content="YesNoSettingItem">
							<param name="itemid" value="2"/>
							<param name="itemlabel" value="$LOCALIZE[32376]"/>
							<param name="skinsetting" value="Disable.Lyrics"/>
						</include>
						<item id="3" description="Lyrics">
							<label>$LOCALIZE[24020] $LOCALIZE[31132]</label>
							<label2>$INFO[Skin.String(LyricPath)]</label2>
							<onclick>Skin.SetAddon(LyricPath,xbmc.python.lyrics)</onclick>
							<visible>!Skin.HasSetting(Disable.Lyrics)</visible>
						</item>
						<include content="YesNoSettingItem">
							<param name="itemid" value="4"/>
							<param name="itemlabel" value="$LOCALIZE[32357]"/>
							<param name="skinsetting" value="Enable.VideoLyrics"/>
							<param name="itemvisibility" value="!Skin.HasSetting(Disable.Lyrics) + System.HasAddon(script.cu.lrclyrics)"/>
						</include>
						<include content="YesNoSettingItem">
							<param name="itemid" value="5"/>
							<param name="itemlabel" value="$LOCALIZE[32368]"/>
							<param name="skinsetting" value="Music.DimWithLyrics"/>
							<param name="itemvisibility" value="!Skin.HasSetting(Disable.Lyrics) + System.HasAddon(script.cu.lrclyrics)"/>
						</include>
						<include content="YesNoSettingItem">
							<param name="itemid" value="6"/>
							<param name="itemlabel" value="$LOCALIZE[31959]"/>
							<param name="skinsetting" value="FullscreenMusic"/>
						</include>
						<include content="YesNoSettingItem">
							<param name="itemid" value="7"/>
							<param name="itemlabel" value="$LOCALIZE[32038]"/>
							<param name="skinsetting" value="Show.Options.Button"/>
						</include>
                        <include content="YesNoSettingItem">
							<param name="itemid" value="8"/>
							<param name="itemlabel" value="[B]$LOCALIZE[32071][/B]"/>
							<param name="skinsetting" value="Show.JumpToLetter"/>
						</include>
						<include content="YesNoSettingItem">
							<param name="itemid" value="9"/>
							<param name="itemlabel" value="      $LOCALIZE[32271]"/>
							<param name="skinsetting" value="Show.EHJumpToLetter"/>
							<param name="itemvisibility" value="Skin.HasSetting(Show.JumpToLetter) + Skin.HasSetting(Enable.EmbuaryHelper)"/>
						</include>
                        <include content="YesNoSettingItem">
							<param name="itemid" value="10"/>
							<param name="itemlabel" value="$LOCALIZE[32076]"/>
							<param name="skinsetting" value="Enable.WatchedInRecent"/>
						</include>                        
                        <include content="YesNoSettingItem">
							<param name="itemid" value="11"/>
							<param name="itemlabel" value="$LOCALIZE[32072]"/>
							<param name="skinsetting" value="Enable.Autocompletion"/>
							<param name="itemvisibility" value="System.HasAddon(plugin.program.autocompletion)"/>
						</include>
                        <include content="YesNoSettingItem">
							<param name="itemid" value="12"/>
							<param name="itemlabel" value="$LOCALIZE[32124]"/>
							<param name="skinsetting" value="Enable.HourMinutes"/>
						</include>
						<include content="YesNoSettingItem">
							<param name="itemid" value="13"/>
							<param name="itemlabel" value="$LOCALIZE[32349]"/>
							<param name="skinsetting" value="Show.SmallerFavourites"/>
						</include>
						<include content="YesNoSettingItem">
							<param name="itemid" value="14"/>
							<param name="itemlabel" value="      $LOCALIZE[32350]"/>
							<param name="skinsetting" value="Show.3RowFavourites"/>
							<param name="itemvisibility" value="Skin.HasSetting(Show.SmallerFavourites) + !Skin.HasSetting(Show.4RowFavourites)"/>
						</include>
						<include content="YesNoSettingItem">
							<param name="itemid" value="15"/>
							<param name="itemlabel" value="      $LOCALIZE[32351]"/>
							<param name="skinsetting" value="Show.4RowFavourites"/>
							<param name="itemvisibility" value="Skin.HasSetting(Show.SmallerFavourites) + !Skin.HasSetting(Show.3RowFavourites)"/>
						</include>
						<include content="YesNoSettingItem">
							<param name="itemid" value="16"/>
							<param name="itemlabel" value="$LOCALIZE[32369]"/>
							<param name="skinsetting" value="Favourites.AlternateLayout"/>
						</include>
						<include content="YesNoSettingItem">
							<param name="itemid" value="17"/>
							<param name="itemlabel" value="$LOCALIZE[32352]"/>
							<param name="skinsetting" value="Enable.TMDbHelper"/>
							<param name="itemvisibility" value="System.HasAddon(plugin.video.themoviedb.helper)"/>
						</include>
						<include content="YesNoSettingItem">
							<param name="itemid" value="18"/>
							<param name="itemlabel" value="$LOCALIZE[32353]"/>
							<param name="skinsetting" value="Enable.EmbuaryHelper"/>
							<param name="itemvisibility" value="System.HasAddon(script.embuary.helper)"/>
						</include>
						<include content="YesNoSettingItem">
							<param name="itemid" value="19"/>
							<param name="itemlabel" value="$LOCALIZE[32378]"/>
							<param name="skinsetting" value="coloredflags"/>
						</include>
						<include content="YesNoSettingItem">
							<param name="itemid" value="19"/>
							<param name="itemlabel" value="$LOCALIZE[31996]"/>
							<param name="skinsetting" value="holiday"/>
						</include>
					</content>
				</control>
				<!-- 9000 2 - Home Menu optiuons -->
				<control type="panel" id="9102">
					<visible>Container(9000).HasFocus(2)</visible>
					<onright>500</onright>
					<pagecontrol>500</pagecontrol>
					<onup>9102</onup>
					<ondown>9102</ondown>
					<include>SettingsListCommons</include>
					<content>
						<item id="1">
                            <visible>Skin.HasSetting(VerticalHome)</visible>
                            <label>[B]$LOCALIZE[31994][/B]</label>
                            <label2>$LOCALIZE[107]</label2>
                            <onclick>Skin.ToggleSetting(VerticalHome)</onclick>
							<onclick>Skin.Reset(Enable.BottomShortcuts)</onclick>
                        </item>
                        <item id="1">
                            <visible>!Skin.HasSetting(VerticalHome)</visible>
                            <label>[B]$LOCALIZE[31994][/B]</label>
                            <label2>$LOCALIZE[106]</label2>
                            <onclick>Skin.ToggleSetting(VerticalHome)</onclick>
                        </item>
						<include content="YesNoSettingItem">
							<param name="itemid" value="2"/>
							<param name="itemlabel" value="      $LOCALIZE[31363]"/>
							<param name="skinsetting" value="StaticVerticalHome"/>
                            <param name="font" value="font14"/>
							<param name="itemvisibility" value="Skin.HasSetting(VerticalHome)"/>
						</include>
						<include content="YesNoSettingItem">
							<param name="itemid" value="3"/>
							<param name="itemlabel" value="[B]      $LOCALIZE[32054][/B]"/>
                            <param name="font" value="font14"/>
							<param name="skinsetting" value="Vertical.BiggerFont"/>
							<param name="itemvisibility" value="Skin.HasSetting(VerticalHome)"/>
						</include>
						<include content="YesNoSettingItem">
							<param name="itemid" value="4"/>
							<param name="itemlabel" value="            $LOCALIZE[32055]"/>
                            <param name="font" value="font13"/>
							<param name="skinsetting" value="VerticalNavWrap"/>
							<param name="itemvisibility" value="Skin.HasSetting(VerticalHome) + Skin.HasSetting(Vertical.BiggerFont)"/>
						</include>
						<include content="YesNoSettingItem">
							<param name="itemid" value="5"/>
							<param name="itemlabel" value="      $LOCALIZE[32203]"/>
							<param name="skinsetting" value="VerticalFirst"/>
                            <param name="font" value="font14"/>
							<param name="itemvisibility" value="Skin.HasSetting(VerticalHome)"/>
						</include>
						<include content="YesNoSettingItem">
							<param name="itemid" value="6"/>
							<param name="itemlabel" value="      [B]$LOCALIZE[32355][/B]"/>
							<param name="skinsetting" value="Vertical.IconOnly"/>
                            <param name="font" value="font14"/>
							<param name="itemvisibility" value="Skin.HasSetting(VerticalHome)"/>
						</include>
						<include content="YesNoSettingItem">
							<param name="itemid" value="7"/>
							<param name="itemlabel" value="            [B]$LOCALIZE[32356][/B]"/>
							<param name="skinsetting" value="Vertical.IconShowLabel"/>
                            <param name="font" value="font14"/>
							<param name="itemvisibility" value="Skin.HasSetting(VerticalHome) + Skin.HasSetting(Vertical.IconOnly)"/>
						</include>
						<include content="YesNoSettingItem">
							<param name="itemid" value="8"/>
							<param name="itemlabel" value="                  $LOCALIZE[32359]"/>
							<param name="skinsetting" value="IconShowLabel.InTopBar"/>
                            <param name="font" value="font14"/>
							<param name="itemvisibility" value="Skin.HasSetting(VerticalHome) + Skin.HasSetting(Vertical.IconOnly) + Skin.HasSetting(Vertical.IconShowLabel)"/>
						</include>
						<include content="YesNoSettingItem">
							<param name="itemid" value="9"/>
							<param name="itemlabel" value="      $LOCALIZE[32370]"/>
							<param name="skinsetting" value="VerticalMenuTextAlignLeft"/>
                            <param name="font" value="font14"/>
							<param name="itemvisibility" value="Skin.HasSetting(VerticalHome)"/>
						</include>
						<include content="YesNoSettingItem">
							<param name="itemid" value="10"/>
							<param name="itemlabel" value="$LOCALIZE[32055]"/>
							<param name="skinsetting" value="HorizontalNavWrap"/>
							<param name="itemvisibility" value="!Skin.HasSetting(VerticalHome)"/>
						</include>
						<include content="YesNoSettingItem">
							<param name="itemid" value="11"/>
							<param name="itemlabel" value="$LOCALIZE[31920]"/>
							<param name="skinsetting" value="Hide.AllShelves"/>
						</include>
						<item id="12">
                            <visible>Skin.HasSetting(Enable.BottomShortcuts)</visible>
                            <label>[B]$LOCALIZE[31637][/B]</label>
                            <label2>$LOCALIZE[107]</label2>
                            <onclick>Skin.ToggleSetting(Enable.BottomShortcuts)</onclick>
							<visible>!Skin.HasSetting(VerticalHome)</visible>
                        </item>
                        <item id="12">
                            <visible>!Skin.HasSetting(Enable.BottomShortcuts)</visible>
                            <label>[B]$LOCALIZE[31637][/B]</label>
                            <label2>$LOCALIZE[106]</label2>
                            <onclick>Skin.ToggleSetting(Enable.BottomShortcuts)</onclick>
							<onclick>Skin.Reset(Zoom.VideoPreview)</onclick>
							<visible>!Skin.HasSetting(VerticalHome)</visible>
                        </item>
						<include content="YesNoSettingItem">
							<param name="itemid" value="13"/>
							<param name="itemlabel" value="      $LOCALIZE[32374]"/>
							<param name="skinsetting" value="UseBackgroundBottomShortcuts"/>
							<param name="itemvisibility" value="Skin.HasSetting(Enable.BottomShortcuts)"/>
						</include>
                        <include content="YesNoSettingItem">
							<param name="itemid" value="14"/>
							<param name="itemlabel" value="[B]$LOCALIZE[32249][/B]"/>
							<param name="skinsetting" value="ShowInfoLine"/>
						</include>
						<include content="YesNoSettingItem">
							<param name="itemid" value="15"/>
							<param name="itemlabel" value="      $LOCALIZE[32250]"/>
							<param name="skinsetting" value="ShowInfoLineShelf"/>
							<param name="itemvisibility" value="Skin.HasSetting(ShowInfoLine)"/>
						</include>
                        <include content="YesNoSettingItem">
							<param name="itemid" value="16"/>
							<param name="itemlabel" value="      $LOCALIZE[32261]"/>
							<param name="skinsetting" value="UseEHInfoLine"/>
							<param name="itemvisibility" value="Skin.HasSetting(ShowInfoLine) + Skin.HasSetting(Enable.EmbuaryHelper)"/>
						</include>
                        <include content="YesNoSettingItem">
							<param name="itemid" value="17"/>
							<param name="itemlabel" value="$LOCALIZE[32358]"/>
							<param name="skinsetting" value="Shelf.PlayAlbum"/>
							<param name="itemvisibility" value="System.HasAddon(script.playalbum)"/>
						</include>                        
						<item id="18" description="Set Favourite Addons">
							<label>$LOCALIZE[32062]</label>
							<onclick>SetProperty(CustomSelectFavouriteAddons,True)</onclick>
							<onclick>ActivateWindow(1125)</onclick>
						</item>
						<item id="19" description="Customize Home Menu">
							<label>$LOCALIZE[32043]</label>
							<onclick>RunScript(script.skinshortcuts,type=manage&amp;group=mainmenu)</onclick>
						</item>
                        <item id="20" description="Customize Power Menu">
							<label>$LOCALIZE[32166]</label>
							<onclick>RunScript(script.skinshortcuts,type=manage&amp;group=powermenu)</onclick>
						</item>
					</content>
				</control>
                <!-- 9000 3 Background options -->
				<include content="SkinSettingsArrows">
				    <param name="panelid">9103</param>
				</include>
				<control type="panel" id="9103">
					<visible>Container(9000).HasFocus(3)</visible>
					<onright>500</onright>
					<pagecontrol>500</pagecontrol>
					<onup>9103</onup>
					<ondown>9103</ondown>
					<include>SettingsListCommons</include>
					<content>
						<include content="YesNoSettingItem">
							<param name="itemid" value="7"/>
							<param name="itemlabel" value="[B]$LOCALIZE[32048][/B]"/>
							<param name="skinsetting" value="Enable.FanartTitle"/>
						</include>
						<include content="YesNoSettingItem">
							<param name="itemid" value="12"/>
							<param name="itemlabel" value="      $LOCALIZE[32070]"/>
							<param name="skinsetting" value="FanartTitle.InTopBar"/>
							<param name="itemvisibility" value="Skin.HasSetting(Enable.FanartTitle)"/>
						</include>
						<item id="8" description="Set Fanart Rotation Delay">
							<label>$LOCALIZE[32049]</label>
							<label2>$VAR[FanartTimePerImageLabel]</label2>
							<onclick>SetProperty(CustomSelectFanartTimePerImage,True)</onclick>
							<onclick>ActivateWindow(1121)</onclick>
						</item>
						<include content="YesNoSettingItem">
							<param name="itemid" value="14"/>
							<param name="itemlabel" value="$LOCALIZE[32220]"/>
							<param name="skinsetting" value="ShowHomeLogo"/>
						</include>
						<include content="YesNoSettingItem">
							<param name="itemid" value="15"/>
							<param name="itemlabel" value="$LOCALIZE[32262]"/>
							<param name="skinsetting" value="UseEHBackgrounds"/>
						</include>
						<item id="11" description="Set Default Background">
							<label>$LOCALIZE[32061]</label>
							<onclick>SetProperty(CustomSelectDefaultBackground,True)</onclick>
							<onclick>ActivateWindow(1121)</onclick>
						</item>
						<include content="YesNoSettingItem">
							<param name="itemid" value="1"/>
							<param name="itemlabel" value="$LOCALIZE[31986]"/>
							<param name="skinsetting" value="HomeDefaultBG"/>
						</include>
						<include content="YesNoSettingItem">
							<param name="itemid" value="2"/>
							<param name="itemlabel" value="$LOCALIZE[31951]"/>
							<param name="skinsetting" value="Sub_DefaultBG"/>
						</include>
						<include content="YesNoSettingItem">
							<param name="itemid" value="4"/>
							<param name="itemlabel" value="$LOCALIZE[31953]"/>
							<param name="skinsetting" value="Sub_FanArtBG"/>
							<param name="itemvisibility" value="!Skin.HasSetting(Sub_DefaultBG)"/>
						</include>
						<include content="YesNoSettingItem">
							<param name="itemid" value="5"/>
							<param name="itemlabel" value="$LOCALIZE[31952]"/>
							<param name="skinsetting" value="MusicPlayingFanart"/>
						</include>
						<include content="YesNoSettingItem">
							<param name="itemid" value="13"/>
							<param name="itemlabel" value="$LOCALIZE[32218]"/>
							<param name="skinsetting" value="ShowLogoMusicViz"/>
						</include>
						<include content="YesNoSettingItem">
							<param name="itemid" value="6"/>
							<param name="itemlabel" value="$LOCALIZE[31949]"/>
							<param name="skinsetting" value="SkinHelper.EnableExtraFanart"/>
						</include>
						<include content="YesNoSettingItem">
							<param name="itemid" value="16"/>
							<param name="itemlabel" value="$LOCALIZE[32344]"/>
							<param name="skinsetting" value="Use.ParentFolderFanart"/>
						</include>
						<include content="YesNoSettingItem">
							<param name="itemid" value="17"/>
							<param name="itemlabel" value="$LOCALIZE[32360]"/>
							<param name="skinsetting" value="Use.KenBurnsEffect"/>
						</include>
					</content>
				</control>
				<!--9000 4 Media Views Options -->
				<include content="SkinSettingsArrows">
				    <param name="panelid">9104</param>
				</include>
				<control type="panel" id="9104">
					<visible>Container(9000).HasFocus(4)</visible>
					<onright>500</onright>
					<pagecontrol>500</pagecontrol>
					<onup>9104</onup>
					<ondown>9104</ondown>
					<include>SettingsListCommons</include>
					<content>
						<item id="1" description="Use New View Selector - SkinVariables present">
                            <visible>Skin.HasSetting(Enable.NewViewSelector) + System.HasAddon(script.skinvariables)</visible>
                            <label>[B]$LOCALIZE[32272][/B]</label>
                            <label2>$LOCALIZE[107]</label2>
							<onclick>Skin.Reset(Enable.NewViewSelector)</onclick>
                        </item>
                        <item id="1" description="Use New View Selector - SkinVariables not present">
                            <visible>!Skin.HasSetting(Enable.NewViewSelector) | !System.HasAddon(script.skinvariables)</visible>
                            <label>[B]$LOCALIZE[32272][/B]</label>
                            <label2>$LOCALIZE[106]</label2>
                            <onclick condition="!System.HasAddon(script.skinvariables)">InstallAddon(script.skinvariables)</onclick>
                            <onclick condition="System.HasAddon(script.skinvariables) + !Skin.HasSetting(Enable.NewViewSelector)">Skin.SetBool(Enable.NewViewSelector)</onclick>
                        </item>
						<item id="2" description="Configure Media Views">
							<label>      $LOCALIZE[32275]</label>
							<onclick>RunScript(script.skinvariables,action=buildviews,configure)</onclick>
							<visible>Skin.HasSetting(Enable.NewViewSelector)</visible>
						</item>
						<item id="3" description="Select Extra Art for Media Views">
						    <label>$LOCALIZE[32335]</label>
						    <label2>$VAR[MediaViewsExtraArtLabelVar]</label2>
						    <onclick>SetProperty(CustomSelectMediaViewsExtraArt,True)</onclick>
						    <onclick>ActivateWindow(1121)</onclick>
		                </item>
						<include content="YesNoSettingItem">
							<param name="itemid" value="4"/>
							<param name="itemlabel" value="$LOCALIZE[32223]"/>
							<param name="skinsetting" value="ShowAudioSub"/>
						</include>
						<include content="YesNoSettingItem">
							<param name="itemid" value="5"/>
							<param name="itemlabel" value="$LOCALIZE[32233]"/>
							<param name="skinsetting" value="ShowRatingUser"/>
						</include>
						<include content="YesNoSettingItem">
							<param name="itemid" value="6"/>
							<param name="itemlabel" value="$LOCALIZE[32234]"/>
							<param name="skinsetting" value="ShowRatingMain"/>
						</include>
						<include content="YesNoSettingItem">
							<param name="itemid" value="7"/>
							<param name="itemlabel" value="$LOCALIZE[32236]"/>
							<param name="skinsetting" value="ShowMPAA"/>
						</include>
						<include content="YesNoSettingItem">
							<param name="itemid" value="8"/>
							<param name="itemlabel" value="$LOCALIZE[32254]"/>
							<param name="skinsetting" value="HideTop250MediaViews"/>
						</include>
						<include content="YesNoSettingItem">
							<param name="itemid" value="9"/>
							<param name="itemlabel" value="$LOCALIZE[32263]"/>
							<param name="skinsetting" value="ShowSetCount"/>
						</include>
						<include content="YesNoSettingItem">
							<param name="itemid" value="10"/>
							<param name="itemlabel" value="$LOCALIZE[32264]"/>
							<param name="skinsetting" value="ShowSpecialFanart"/>
						</include>
						<include content="YesNoSettingItem">
							<param name="itemid" value="11"/>
							<param name="itemlabel" value="$LOCALIZE[32265]"/>
							<param name="skinsetting" value="ShowPlayCount"/>
						</include>
						<include content="YesNoSettingItem">
							<param name="itemid" value="12"/>
							<param name="itemlabel" value="$LOCALIZE[32373]"/>
							<param name="skinsetting" value="ShowEndTime"/>
						</include>
						<include content="YesNoSettingItem">
							<param name="itemid" value="13"/>
							<param name="itemlabel" value="$LOCALIZE[32270]"/>
							<param name="skinsetting" value="FanartCenterFocus"/>
						</include>
						<item id="14">
                            <visible>Skin.HasSetting(DisableListPanel)</visible>
                            <label>$LOCALIZE[32225]</label>
                            <label2>$LOCALIZE[107]</label2>
                            <onclick>Skin.Reset(DisableListPanel)</onclick>
							<onclick>Skin.Reset(50_Movies_DisablePanel)</onclick>
							<onclick>Skin.Reset(50_TVShows_DisablePanel)</onclick>
							<onclick>Skin.Reset(50_Seasons_DisablePanel)</onclick>
							<onclick>Skin.Reset(50_Episodes_DisablePanel)</onclick>
							<onclick>Skin.Reset(50_Addons_DisablePanel)</onclick>
							<onclick>Skin.Reset(50_Music_DisablePanel)</onclick>
							<onclick>Skin.Reset(50_MusicVideos_DisablePanel)</onclick>
							<onclick>Skin.Reset(50_Images_DisablePanel)</onclick>
							<onclick>Skin.Reset(50_Others_DisablePanel)</onclick>
							<onclick>Skin.Reset(54_Movies_DisablePanel)</onclick>
							<onclick>Skin.Reset(54_TVShows_DisablePanel)</onclick>
							<onclick>Skin.Reset(54_Seasons_DisablePanel)</onclick>
							<onclick>Skin.Reset(54_Episodes_DisablePanel)</onclick>
							<onclick>Skin.Reset(54_Addons_DisablePanel)</onclick>
							<onclick>Skin.Reset(54_Music_DisablePanel)</onclick>
							<onclick>Skin.Reset(54_MusicVideos_DisablePanel)</onclick>
							<onclick>Skin.Reset(54_Images_DisablePanel)</onclick>
							<onclick>Skin.Reset(54_Others_DisablePanel)</onclick>
							<onclick>Skin.Reset(501_Movies_DisablePanel)</onclick>
							<onclick>Skin.Reset(501_TVShows_DisablePanel)</onclick>
							<onclick>Skin.Reset(501_Seasons_DisablePanel)</onclick>
							<onclick>Skin.Reset(501_Episodes_DisablePanel)</onclick>
							<onclick>Skin.Reset(501_Addons_DisablePanel)</onclick>
							<onclick>Skin.Reset(501_Music_DisablePanel)</onclick>
							<onclick>Skin.Reset(501_MusicVideos_DisablePanel)</onclick>
							<onclick>Skin.Reset(501_Images_DisablePanel)</onclick>
							<onclick>Skin.Reset(501_Others_DisablePanel)</onclick>
                        </item>
                        <item id="14">
                            <visible>!Skin.HasSetting(DisableListPanel)</visible>
                            <label>$LOCALIZE[32225]</label>
                            <label2>$LOCALIZE[106]</label2>
                            <onclick>Skin.SetBool(DisableListPanel)</onclick>
							<onclick>Skin.SetBool(50_Movies_DisablePanel)</onclick>
							<onclick>Skin.SetBool(50_TVShows_DisablePanel)</onclick>
							<onclick>Skin.SetBool(50_Seasons_DisablePanel)</onclick>
							<onclick>Skin.SetBool(50_Episodes_DisablePanel)</onclick>
							<onclick>Skin.SetBool(50_Addons_DisablePanel)</onclick>
							<onclick>Skin.SetBool(50_Music_DisablePanel)</onclick>
							<onclick>Skin.SetBool(50_MusicVideos_DisablePanel)</onclick>
							<onclick>Skin.SetBool(50_Images_DisablePanel)</onclick>
							<onclick>Skin.SetBool(50_Others_DisablePanel)</onclick>
							<onclick>Skin.SetBool(54_Movies_DisablePanel)</onclick>
							<onclick>Skin.SetBool(54_TVShows_DisablePanel)</onclick>
							<onclick>Skin.SetBool(54_Seasons_DisablePanel)</onclick>
							<onclick>Skin.SetBool(54_Episodes_DisablePanel)</onclick>
							<onclick>Skin.SetBool(54_Addons_DisablePanel)</onclick>
							<onclick>Skin.SetBool(54_Music_DisablePanel)</onclick>
							<onclick>Skin.SetBool(54_MusicVideos_DisablePanel)</onclick>
							<onclick>Skin.SetBool(54_Images_DisablePanel)</onclick>
							<onclick>Skin.SetBool(54_Others_DisablePanel)</onclick>
							<onclick>Skin.SetBool(501_Movies_DisablePanel)</onclick>
							<onclick>Skin.SetBool(501_TVShows_DisablePanel)</onclick>
							<onclick>Skin.SetBool(501_Seasons_DisablePanel)</onclick>
							<onclick>Skin.SetBool(501_Episodes_DisablePanel)</onclick>
							<onclick>Skin.SetBool(501_Addons_DisablePanel)</onclick>
							<onclick>Skin.SetBool(501_Music_DisablePanel)</onclick>
							<onclick>Skin.SetBool(501_MusicVideos_DisablePanel)</onclick>
							<onclick>Skin.SetBool(501_Images_DisablePanel)</onclick>
							<onclick>Skin.SetBool(501_Others_DisablePanel)</onclick>
                        </item>
						<item id="15">
                            <visible>Skin.HasSetting(SwapListPanel) + !Skin.HasSetting(DisableListPanel)</visible>
                            <label>$LOCALIZE[32243]</label>
                            <label2>$LOCALIZE[107]</label2>
                            <onclick>Skin.Reset(SwapListPanel)</onclick>
							<onclick>Skin.Reset(50_Movies_SwapPanel)</onclick>
							<onclick>Skin.Reset(50_TVShows_SwapPanel)</onclick>
							<onclick>Skin.Reset(50_Seasons_SwapPanel)</onclick>
							<onclick>Skin.Reset(50_Episodes_SwapPanel)</onclick>
							<onclick>Skin.Reset(50_Addons_SwapPanel)</onclick>
							<onclick>Skin.Reset(50_Music_SwapPanel)</onclick>
							<onclick>Skin.Reset(50_MusicVideos_SwapPanel)</onclick>
							<onclick>Skin.Reset(50_Images_SwapPanel)</onclick>
							<onclick>Skin.Reset(50_Others_SwapPanel)</onclick>
							<onclick>Skin.Reset(52_Movies_SwapPanel)</onclick>
							<onclick>Skin.Reset(52_TVShows_SwapPanel)</onclick>
							<onclick>Skin.Reset(52_Seasons_SwapPanel)</onclick>
							<onclick>Skin.Reset(52_Episodes_SwapPanel)</onclick>
							<onclick>Skin.Reset(52_Addons_SwapPanel)</onclick>
							<onclick>Skin.Reset(52_Music_SwapPanel)</onclick>
							<onclick>Skin.Reset(52_MusicVideos_SwapPanel)</onclick>
							<onclick>Skin.Reset(52_Images_SwapPanel)</onclick>
							<onclick>Skin.Reset(52_Others_SwapPanel)</onclick>
							<onclick>Skin.Reset(54_Movies_SwapPanel)</onclick>
							<onclick>Skin.Reset(54_TVShows_SwapPanel)</onclick>
							<onclick>Skin.Reset(54_Seasons_SwapPanel)</onclick>
							<onclick>Skin.Reset(54_Episodes_SwapPanel)</onclick>
							<onclick>Skin.Reset(54_Addons_SwapPanel)</onclick>
							<onclick>Skin.Reset(54_Music_SwapPanel)</onclick>
							<onclick>Skin.Reset(54_MusicVideos_SwapPanel)</onclick>
							<onclick>Skin.Reset(54_Images_SwapPanel)</onclick>
							<onclick>Skin.Reset(54_Others_SwapPanel)</onclick>
							<onclick>Skin.Reset(501_Movies_SwapPanel)</onclick>
							<onclick>Skin.Reset(501_TVShows_SwapPanel)</onclick>
							<onclick>Skin.Reset(501_Seasons_SwapPanel)</onclick>
							<onclick>Skin.Reset(501_Episodes_SwapPanel)</onclick>
							<onclick>Skin.Reset(501_Addons_SwapPanel)</onclick>
							<onclick>Skin.Reset(501_Music_SwapPanel)</onclick>
							<onclick>Skin.Reset(501_MusicVideos_SwapPanel)</onclick>
							<onclick>Skin.Reset(501_Images_SwapPanel)</onclick>
							<onclick>Skin.Reset(501_Others_SwapPanel)</onclick>
                        </item>
                        <item id="15">
                            <visible>!Skin.HasSetting(SwapListPanel) + !Skin.HasSetting(DisableListPanel)</visible>
                            <label>$LOCALIZE[32243]</label>
                            <label2>$LOCALIZE[106]</label2>
                            <onclick>Skin.SetBool(SwapListPanel)</onclick>
							<onclick>Skin.SetBool(50_Movies_SwapPanel)</onclick>
							<onclick>Skin.SetBool(50_TVShows_SwapPanel)</onclick>
							<onclick>Skin.SetBool(50_Seasons_SwapPanel)</onclick>
							<onclick>Skin.SetBool(50_Episodes_SwapPanel)</onclick>
							<onclick>Skin.SetBool(50_Addons_SwapPanel)</onclick>
							<onclick>Skin.SetBool(50_Music_SwapPanel)</onclick>
							<onclick>Skin.SetBool(50_MusicVideos_SwapPanel)</onclick>
							<onclick>Skin.SetBool(50_Images_SwapPanel)</onclick>
							<onclick>Skin.SetBool(50_Others_SwapPanel)</onclick>
							<onclick>Skin.SetBool(52_Movies_SwapPanel)</onclick>
							<onclick>Skin.SetBool(52_TVShows_SwapPanel)</onclick>
							<onclick>Skin.SetBool(52_Seasons_SwapPanel)</onclick>
							<onclick>Skin.SetBool(52_Episodes_SwapPanel)</onclick>
							<onclick>Skin.SetBool(52_Addons_SwapPanel)</onclick>
							<onclick>Skin.SetBool(52_Music_SwapPanel)</onclick>
							<onclick>Skin.SetBool(52_MusicVideos_SwapPanel)</onclick>
							<onclick>Skin.SetBool(52_Images_SwapPanel)</onclick>
							<onclick>Skin.SetBool(52_Others_SwapPanel)</onclick>
							<onclick>Skin.SetBool(54_Movies_SwapPanel)</onclick>
							<onclick>Skin.SetBool(54_TVShows_SwapPanel)</onclick>
							<onclick>Skin.SetBool(54_Seasons_SwapPanel)</onclick>
							<onclick>Skin.SetBool(54_Episodes_SwapPanel)</onclick>
							<onclick>Skin.SetBool(54_Addons_SwapPanel)</onclick>
							<onclick>Skin.SetBool(54_Music_SwapPanel)</onclick>
							<onclick>Skin.SetBool(54_MusicVideos_SwapPanel)</onclick>
							<onclick>Skin.SetBool(54_Images_SwapPanel)</onclick>
							<onclick>Skin.SetBool(54_Others_SwapPanel)</onclick>
							<onclick>Skin.SetBool(501_Movies_SwapPanel)</onclick>
							<onclick>Skin.SetBool(501_TVShows_SwapPanel)</onclick>
							<onclick>Skin.SetBool(501_Seasons_SwapPanel)</onclick>
							<onclick>Skin.SetBool(501_Episodes_SwapPanel)</onclick>
							<onclick>Skin.SetBool(501_Addons_SwapPanel)</onclick>
							<onclick>Skin.SetBool(501_Music_SwapPanel)</onclick>
							<onclick>Skin.SetBool(501_MusicVideos_SwapPanel)</onclick>
							<onclick>Skin.SetBool(501_Images_SwapPanel)</onclick>
							<onclick>Skin.SetBool(501_Others_SwapPanel)</onclick>
                        </item>
						<include content="YesNoSettingItem">
							<param name="itemid" value="16"/>
							<param name="itemlabel" value="$LOCALIZE[32020]"/>
							<param name="skinsetting" value="Hide.Label2.Lists"/>
						</include>
						<include content="YesNoSettingItem">
							<param name="itemid" value="17"/>
							<param name="itemlabel" value="$LOCALIZE[32056]"/>
							<param name="skinsetting" value="Show.MoreItems.List"/>
						</include>
						<include content="YesNoSettingItem">
							<param name="itemid" value="18"/>
							<param name="itemlabel" value="$LOCALIZE[32217]"/>
							<param name="skinsetting" value="ListCenterFocus"/>
						</include>
						<include content="YesNoSettingItem">
							<param name="itemid" value="19"/>
							<param name="itemlabel" value="$LOCALIZE[20189]"/>
							<param name="skinsetting" value="AutoScroll"/>
						</include>
						<include content="YesNoSettingItem">
							<param name="itemid" value="20"/>
							<param name="itemlabel" value="$LOCALIZE[31514]"/>
							<param name="skinsetting" value="EpisodesUsePoster"/>
						</include>
                        <include content="YesNoSettingItem">
							<param name="itemid" value="21"/>
							<param name="itemlabel" value="$LOCALIZE[32251]"/>
							<param name="skinsetting" value="ShowTopRightOverlays"/>
						</include>						
						<include content="YesNoSettingItem">
							<param name="itemid" value="22"/>
							<param name="itemlabel" value="$LOCALIZE[31981]"/>
							<param name="itemicon" value="OverlayWatched.png"/>
							<param name="skinsetting" value="Hide_Watched_Marks"/>
						</include>
						<include content="YesNoSettingItem">
							<param name="itemid" value="23"/>
							<param name="itemlabel" value="$LOCALIZE[31980]"/>
							<param name="itemicon" value="OverlayUnwatched.png"/>
							<param name="skinsetting" value="Hide_Unwatched_Marks"/>
						</include>
						<include content="YesNoSettingItem">
							<param name="itemid" value="24"/>
							<param name="itemlabel" value="$LOCALIZE[31972]"/>
							<param name="itemicon" value="OverlayInProgress.png"/>
							<param name="skinsetting" value="Hide_InProgress_Marks"/>
						</include>
						<include content="YesNoSettingItem">
							<param name="itemid" value="25"/>
							<param name="itemlabel" value="$LOCALIZE[32239]"/>
							<param name="itemicon" value="Collection.png"/>
							<param name="skinsetting" value="Hide_Collection_Marks"/>
						</include>
						<include content="YesNoSettingItem">
							<param name="itemid" value="26"/>
							<param name="itemlabel" value="$LOCALIZE[32252]"/>
							<param name="skinsetting" value="Hide_Episode_Marks"/>
						</include>
						<include content="YesNoSettingItem">
							<param name="itemid" value="27"/>
							<param name="itemlabel" value="$LOCALIZE[31035]"/>
							<param name="skinsetting" value="Hide.MediaFlagsVideo"/>
						</include>
						<include content="YesNoSettingItem">
							<param name="itemid" value="28"/>
							<param name="itemlabel" value="$LOCALIZE[32291]"/>
							<param name="skinsetting" value="Show.ColorRangeFlags"/>
						</include>
						<include content="YesNoSettingItem">
							<param name="itemid" value="29"/>
							<param name="itemlabel" value="$LOCALIZE[31150]"/>
							<param name="skinsetting" value="hide.listview"/>
						</include>
						<include content="YesNoSettingItem">
							<param name="itemid" value="30"/>
							<param name="itemlabel" value="$LOCALIZE[31154]"/>
							<param name="skinsetting" value="hide.lowlistview"/>
						</include>
						<include content="YesNoSettingItem">
							<param name="itemid" value="31"/>
							<param name="itemlabel" value="$LOCALIZE[31152]"/>
							<param name="skinsetting" value="hide.biglistview"/>
						</include>
						<include content="YesNoSettingItem">
							<param name="itemid" value="32"/>
							<param name="itemlabel" value="$LOCALIZE[32059]"/>
							<param name="skinsetting" value="hide.talllistview"/>
						</include>
						<include content="YesNoSettingItem">
							<param name="itemid" value="33"/>
							<param name="itemlabel" value="$LOCALIZE[31151]"/>
							<param name="skinsetting" value="hide.panelview"/>
						</include>
						<include content="YesNoSettingItem">
							<param name="itemid" value="34"/>
							<param name="itemlabel" value="$LOCALIZE[32247]"/>
							<param name="skinsetting" value="hide.panel2view"/>
						</include>
						<include content="YesNoSettingItem">
							<param name="itemid" value="35"/>
							<param name="itemlabel" value="$LOCALIZE[31155]"/>
							<param name="skinsetting" value="hide.bigpanelview"/>
						</include>
						<include content="YesNoSettingItem">
							<param name="itemid" value="36"/>
							<param name="itemlabel" value="$LOCALIZE[32248]"/>
							<param name="skinsetting" value="hide.bigpanel2view"/>
						</include>
						<include content="YesNoSettingItem">
							<param name="itemid" value="37"/>
							<param name="itemlabel" value="$LOCALIZE[31153]"/>
							<param name="skinsetting" value="hide.iconsview"/>
						</include>
						<include content="YesNoSettingItem">
							<param name="itemid" value="38"/>
							<param name="itemlabel" value="$LOCALIZE[31156]"/>
							<param name="skinsetting" value="hide.fanartview"/>
						</include>
						<include content="YesNoSettingItem">
							<param name="itemid" value="39"/>
							<param name="itemlabel" value="$LOCALIZE[31633]"/>
							<param name="skinsetting" value="hide.simplelistview"/>
						</include>
						<include content="YesNoSettingItem">
							<param name="itemid" value="40"/>
							<param name="itemlabel" value="$LOCALIZE[31158]"/>
							<param name="skinsetting" value="hide.tripleview"/>
						</include>
						<include content="YesNoSettingItem">
							<param name="itemid" value="41"/>
							<param name="itemlabel" value="$LOCALIZE[31160]"/>
							<param name="skinsetting" value="hide.logoview"/>
						</include>
					</content>
				</control>
                <!--9000 5 Top Bar Options -->
				<include content="SkinSettingsArrows">
				    <param name="panelid">9105</param>
				</include>
				<control type="panel" id="9105">
					<visible>Container(9000).HasFocus(5)</visible>
					<onright>500</onright>
					<pagecontrol>500</pagecontrol>
					<onup>9105</onup>
					<ondown>9105</ondown>
					<include>SettingsListCommons</include>
					<content>
					    <item id="1">
                            <visible>Skin.HasSetting(Hide.TopBar.Main)</visible>
                            <label>$LOCALIZE[32366]</label>
                            <label2>$LOCALIZE[107]</label2>
                            <onclick>Skin.Reset(Hide.TopBar.Main)</onclick>
							<onclick>Skin.Reset(FanartTitle.InTopBar)</onclick>
                        </item>
                        <item id="1">
                            <visible>!Skin.HasSetting(Hide.TopBar.Main)</visible>
                            <label>$LOCALIZE[32366]</label>
                            <label2>$LOCALIZE[106]</label2>
                            <onclick>Skin.SetBool(Hide.TopBar.Main)</onclick>
                        </item>
						<item id="2">
                            <visible>Skin.HasSetting(Hide.TopBar.Sub)</visible>
                            <label>$LOCALIZE[31039]</label>
                            <label2>$LOCALIZE[107]</label2>
                            <onclick>Skin.Reset(Hide.TopBar.Sub)</onclick>
                        </item>
                        <item id="2">
                            <visible>!Skin.HasSetting(Hide.TopBar.Sub)</visible>
                            <label>$LOCALIZE[31039]</label>
                            <label2>$LOCALIZE[106]</label2>
                            <onclick>Skin.SetBool(Hide.TopBar.Sub)</onclick>
                        </item>
						<include content="YesNoSettingItem">
							<param name="itemid" value="3"/>
							<param name="itemlabel" value="$LOCALIZE[31998]"/>
							<param name="skinsetting" value="ShowMasterLockTitle"/>
						</include>
						<include content="YesNoSettingItem">
							<param name="itemid" value="4"/>
							<param name="itemlabel" value="$LOCALIZE[31034]"/>
							<param name="skinsetting" value="Hide.WeatherTitleBar"/>
						</include>
						<include content="YesNoSettingItem">
							<param name="itemid" value="5"/>
							<param name="itemlabel" value="$LOCALIZE[31040]"/>
							<param name="skinsetting" value="Hide.RecordingTitleBar"/>
						</include>
						<include content="YesNoSettingItem">
							<param name="itemid" value="6"/>
							<param name="itemlabel" value="$LOCALIZE[32301]"/>
							<param name="skinsetting" value="Hide.TitleBarNowPlaying"/>
						</include>
					</content>
				</control>
				<!-- 9000 6 Now Playing Options -->
				<include content="SkinSettingsArrows">
				    <param name="panelid">9106</param>
				</include>
				<control type="grouplist" id="9106">
					<visible>Container(9000).HasFocus(6)</visible>
                    <onright>500</onright>
					<pagecontrol>500</pagecontrol>
					<posx>495</posx>
                    <posy>120</posy>
                    <width>1350</width>
                    <height>860</height>
                    <onleft>9000</onleft>
                    <scrolltime>280</scrolltime>
					<onup>9106</onup>
					<ondown>9106</ondown>
					<control type="button" id="9106100">
					    <width>1350</width>
					    <height>60</height>
						<texturenofocus />
						<textoffsetx>30</textoffsetx>
			            <onclick>Skin.ToggleSetting(Hide.NowPlaying)</onclick>
						<onclick>Skin.Reset(Hide.TitleBarNowPlaying)</onclick>
			            <label>$LOCALIZE[32327]</label>
			            <label2>$LOCALIZE[107]</label2>
						<visible>Skin.HasSetting(Hide.NowPlaying)</visible>
		            </control>
					<control type="button" id="9106101">
					    <width>1350</width>
					    <height>60</height>
					    <texturenofocus />
					    <textoffsetx>30</textoffsetx>
			            <onclick>Skin.ToggleSetting(Hide.NowPlaying)</onclick>
			            <label>$LOCALIZE[32327]</label>
			            <label2>$LOCALIZE[106]</label2>
					    <visible>!Skin.HasSetting(Hide.NowPlaying)</visible>
		            </control>
					<control type="button" id="910601">
					    <width>1350</width>
					    <height>60</height>
						<texturenofocus />
						<textoffsetx>30</textoffsetx>
			            <onclick>Skin.ToggleSetting(Show_VideoBackground)</onclick>
			            <label>$LOCALIZE[32318]</label>
			            <label2>$LOCALIZE[107]</label2>
						<visible>Skin.HasSetting(Show_VideoBackground)</visible>
		            </control>
					<control type="button" id="910602">
					    <width>1350</width>
					    <height>60</height>
					    <texturenofocus />
					    <textoffsetx>30</textoffsetx>
			            <onclick>Skin.ToggleSetting(Show_VideoBackground)</onclick>
						<onclick>Skin.SetString(NowPlayingMovieInfo,info)</onclick>
						<onclick>Skin.SetString(NowPlayingVideoInfo,info)</onclick>
			            <onclick>Skin.Reset(Hide.TitleBarNowPlaying)</onclick>
						<label>$LOCALIZE[32318]</label>
			            <label2>$LOCALIZE[106]</label2>
					    <visible>!Skin.HasSetting(Show_VideoBackground)</visible>
		            </control>
					<control type="button" id="910603">
					    <width>1350</width>
					    <height>60</height>
					    <texturenofocus />
					    <textoffsetx>30</textoffsetx>
			            <onclick>Skin.ToggleSetting(Show_MusicVizBackground)</onclick>
			            <label>$LOCALIZE[32319]</label>
			            <label2>$LOCALIZE[107]</label2>
					    <visible>Skin.HasSetting(Show_MusicVizBackground)</visible>
		            </control>
					<control type="button" id="910604">
					    <width>1350</width>
					    <height>60</height>
					    <texturenofocus />
					    <textoffsetx>30</textoffsetx>
			            <onclick>Skin.ToggleSetting(Show_MusicVizBackground)</onclick>
			            <label>$LOCALIZE[32319]</label>
			            <label2>$LOCALIZE[106]</label2>
					    <visible>!Skin.HasSetting(Show_MusicVizBackground)</visible>
		            </control>
				    <control type="button" id="910605">
				        <width>1350</width>
				        <height>60</height>
				        <texturenofocus />
				        <textoffsetx>30</textoffsetx>
		                <onclick>Skin.ToggleSetting(Zoom.VideoPreview)</onclick>
		                <label>$LOCALIZE[32334]</label>
		                <label2>$LOCALIZE[107]</label2>
				        <visible>Skin.HasSetting(Zoom.VideoPreview) + !Skin.HasSetting(Enable.BottomShortcuts)</visible>
	                </control>
				    <control type="button" id="910606">
				        <width>1350</width>
				        <height>60</height>
				        <texturenofocus />
				        <textoffsetx>30</textoffsetx>
		                <onclick>Skin.ToggleSetting(Zoom.VideoPreview)</onclick>
		                <label>$LOCALIZE[32334]</label>
		                <label2>$LOCALIZE[106]</label2>
				        <visible>!Skin.HasSetting(Zoom.VideoPreview) + !Skin.HasSetting(Enable.BottomShortcuts)</visible>
	                </control>
					<control type="button" id="910607">
				        <width>1350</width>
				        <height>60</height>
				        <texturenofocus />
				        <textoffsetx>30</textoffsetx>
		                <onclick>Skin.ToggleSetting(DisableNowPlayingFanart)</onclick>
		                <label>$LOCALIZE[32362]</label>
		                <label2>$LOCALIZE[107]</label2>
				        <visible>Skin.HasSetting(DisableNowPlayingFanart)</visible>
	                </control>
				    <control type="button" id="910608">
				        <width>1350</width>
				        <height>60</height>
				        <texturenofocus />
				        <textoffsetx>30</textoffsetx>
		                <onclick>Skin.ToggleSetting(DisableNowPlayingFanart)</onclick>
		                <label>$LOCALIZE[32362]</label>
		                <label2>$LOCALIZE[106]</label2>
				        <visible>!Skin.HasSetting(DisableNowPlayingFanart)</visible>
	                </control>
					<control type="button" id="910609">
				        <width>1350</width>
				        <height>60</height>
				        <texturenofocus />
				        <textoffsetx>30</textoffsetx>
		                <onclick>Skin.ToggleSetting(NowPlaying.ArtistSlideshow)</onclick>
		                <label>$LOCALIZE[32375]</label>
		                <label2>$LOCALIZE[107]</label2>
				        <visible>System.HasAddon(script.artistslideshow) + Skin.HasSetting(NowPlaying.ArtistSlideshow)</visible>
	                </control>
					<control type="button" id="910610">
				        <width>1350</width>
				        <height>60</height>
				        <texturenofocus />
				        <textoffsetx>30</textoffsetx>
		                <onclick>Skin.ToggleSetting(NowPlaying.ArtistSlideshow)</onclick>
		                <label>$LOCALIZE[32375]</label>
		                <label2>$LOCALIZE[106]</label2>
				        <visible>System.HasAddon(script.artistslideshow) + !Skin.HasSetting(NowPlaying.ArtistSlideshow)</visible>
	                </control>
					<control type="button" id="910611">
					    <width>1350</width>
					    <height>60</height>
					    <texturenofocus />
					    <textoffsetx>30</textoffsetx>
			            <label>$LOCALIZE[32315]</label>
						<label2>$VAR[NowPlayingHomeMovieInfoLabelVar]</label2>
						<onclick>SetProperty(CustomSelectNowPlayingMovieInfo,True)</onclick>
						<onclick>ActivateWindow(1128)</onclick>
						<visible>!Skin.HasSetting(Hide.NowPlaying)</visible>
		            </control>
					<control type="button" id="910612">
					    <width>1350</width>
					    <height>60</height>
					    <texturenofocus />
					    <textoffsetx>30</textoffsetx>
			            <label>$LOCALIZE[32316]</label>
						<label2>$VAR[NowPlayingHomeVideoInfoLabelVar]</label2>
						<onclick>SetProperty(CustomSelectNowPlayingVideoInfo,True)</onclick>
						<onclick>ActivateWindow(1128)</onclick>
						<visible>!Skin.HasSetting(Hide.NowPlaying)</visible>
		            </control>
					<control type="button" id="910613">
					    <width>1350</width>
					    <height>60</height>
					    <texturenofocus />
					    <textoffsetx>30</textoffsetx>
			            <label>$LOCALIZE[32317]</label>
						<label2>$VAR[NowPlayingHomeMusicInfoLabelVar]</label2>
						<onclick>SetProperty(CustomSelectNowPlayingMusicInfo,True)</onclick>
						<onclick>ActivateWindow(1128)</onclick>
						<visible>!Skin.HasSetting(Hide.NowPlaying)</visible>
		            </control>
					<control type="button" id="910614">
					    <width>1350</width>
					    <height>60</height>
					    <texturenofocus />
					    <textoffsetx>30</textoffsetx>
			            <label>[B]$LOCALIZE[32320][/B]</label>
			            <label2>$LOCALIZE[107]</label2>
						<onclick>Skin.ToggleSetting(NowPlaying.ExtraArtVideo)</onclick>
						<onclick>Skin.Reset(NowPlaying.VideoLogo)</onclick>
						<onclick>Skin.Reset(NowPlaying.VideoDiscArt)</onclick>
					    <visible>Skin.HasSetting(NowPlaying.ExtraArtVideo) + !Skin.HasSetting(Hide.NowPlaying)</visible>
		            </control>
					<control type="button" id="910615">
					    <width>1350</width>
					    <height>60</height>
					    <texturenofocus />
					    <textoffsetx>30</textoffsetx>
			            <onclick>Skin.ToggleSetting(NowPlaying.ExtraArtVideo)</onclick>
			            <label>[B]$LOCALIZE[32320][/B]</label>
			            <label2>$LOCALIZE[106]</label2>
					    <visible>!Skin.HasSetting(NowPlaying.ExtraArtVideo) + !Skin.HasSetting(Hide.NowPlaying)</visible>
		            </control>
					<control type="radiobutton" id="910616">
					    <label>      $LOCALIZE[32322]</label>
					    <onclick>Skin.ToggleSetting(NowPlaying.VideoLogo)</onclick>
					    <selected>Skin.HasSetting(NowPlaying.VideoLogo)</selected>
						<visible>Skin.HasSetting(NowPlaying.ExtraArtVideo) + !Skin.HasSetting(Hide.NowPlaying)</visible>
					</control>
					<control type="radiobutton" id="910617">
					    <label>      [B]$LOCALIZE[32324][/B]</label>
					    <onclick>Skin.ToggleSetting(NowPlaying.VideoDiscArt)</onclick>
					    <selected>Skin.HasSetting(NowPlaying.VideoDiscArt)</selected>
						<visible>Skin.HasSetting(NowPlaying.ExtraArtVideo) + !Skin.HasSetting(Hide.NowPlaying)</visible>
					</control>
					<control type="button" id="910618">
					    <width>1350</width>
					    <height>60</height>
					    <texturenofocus />
					    <textoffsetx>30</textoffsetx>
			            <label>         $LOCALIZE[32325]</label>
						<label2>$VAR[NowPlayingVideoDiscArtLabelVar]</label2>
						<onclick>SetProperty(CustomSelectVideoDiscArtFallback,True)</onclick>
						<onclick>ActivateWindow(1128)</onclick>
					    <visible>Skin.HasSetting(NowPlaying.ExtraArtVideo) + Skin.HasSetting(NowPlaying.VideoDiscArt) + !Skin.HasSetting(Hide.NowPlaying)</visible>
		            </control>
					<control type="button" id="910619">
					    <width>1350</width>
					    <height>60</height>
					    <texturenofocus />
					    <textoffsetx>30</textoffsetx>
			            <onclick>Skin.ToggleSetting(NowPlaying.ExtraArtMusic)</onclick>
			            <onclick>Skin.Reset(NowPlaying.MusicLogo)</onclick>
						<onclick>Skin.Reset(NowPlaying.MusicDiscArt)</onclick>
						<label>[B]$LOCALIZE[32321][/B]</label>
			            <label2>$LOCALIZE[107]</label2>
					    <visible>Skin.HasSetting(NowPlaying.ExtraArtMusic) + !Skin.HasSetting(Hide.NowPlaying)</visible>
		            </control>
					<control type="button" id="910620">
					    <width>1350</width>
					    <height>60</height>
					    <texturenofocus />
					    <textoffsetx>30</textoffsetx>
			            <onclick>Skin.ToggleSetting(NowPlaying.ExtraArtMusic)</onclick>
			            <label>[B]$LOCALIZE[32321][/B]</label>
			            <label2>$LOCALIZE[106]</label2>
					    <visible>!Skin.HasSetting(NowPlaying.ExtraArtMusic) + !Skin.HasSetting(Hide.NowPlaying)</visible>
		            </control>
					<control type="radiobutton" id="910621">
					    <label>      $LOCALIZE[32322]</label>
					    <onclick>Skin.ToggleSetting(NowPlaying.MusicLogo)</onclick>
					    <selected>Skin.HasSetting(NowPlaying.MusicLogo)</selected>
						<visible>Skin.HasSetting(NowPlaying.ExtraArtMusic) + !Skin.HasSetting(Hide.NowPlaying)</visible>
					</control>
					<control type="radiobutton" id="910622">
					    <label>      [B]$LOCALIZE[32324][/B]</label>
					    <onclick>Skin.ToggleSetting(NowPlaying.MusicDiscArt)</onclick>
					    <selected>Skin.HasSetting(NowPlaying.MusicDiscArt)</selected>
						<visible>Skin.HasSetting(NowPlaying.ExtraArtMusic) + !Skin.HasSetting(Hide.NowPlaying)</visible>
					</control>
					<control type="button" id="910623">
					    <width>1350</width>
					    <height>60</height>
					    <texturenofocus />
					    <textoffsetx>30</textoffsetx>
			            <label>         $LOCALIZE[32326]</label>
						<label2>$VAR[NowPlayingMusicDiscArtLabelVar]</label2>
						<onclick>SetProperty(CustomSelectMusicDiscArtFallback,True)</onclick>
						<onclick>ActivateWindow(1128)</onclick>
					    <visible>Skin.HasSetting(NowPlaying.ExtraArtMusic) + Skin.HasSetting(NowPlaying.MusicDiscArt) + !Skin.HasSetting(Hide.NowPlaying)</visible>
		            </control>
				</control>
                <!-- 9000 7 Full Screen/OSD options -->
				<include content="SkinSettingsArrows">
				    <param name="panelid">9107</param>
				</include>
				<control type="panel" id="9107">
					<visible>Container(9000).HasFocus(7)</visible>
					<onright>500</onright>
					<pagecontrol>500</pagecontrol>
					<onup>9107</onup>
					<ondown>9107</ondown>
					<include>SettingsListCommons</include>
					<content>
                        <include content="YesNoSettingItem">
							<param name="itemid" value="1"/>
							<param name="itemlabel" value="$LOCALIZE[32052]"/>
							<param name="skinsetting" value="Show.Info.OnPause"/>
						</include>
						<include content="YesNoSettingItem">
							<param name="itemid" value="2"/>
							<param name="itemlabel" value="$LOCALIZE[32290]"/>
							<param name="skinsetting" value="enable.bottomseekbar"/>
						</include>
						<include content="YesNoSettingItem">
							<param name="itemid" value="3"/>
							<param name="itemlabel" value="$LOCALIZE[32224]"/>
							<param name="skinsetting" value="SubtitleOpensSettings"/>
						</include>
						<include content="YesNoSettingItem">
							<param name="itemid" value="4"/>
							<param name="itemlabel" value="[B]$LOCALIZE[32371][/B]"/>
							<param name="skinsetting" value="InfoOpensVideoInfo"/>
							<param name="itemvisibility" value="System.HasAddon(service.library.data.provider)"/>
						</include>
						<include content="YesNoSettingItem">
							<param name="itemid" value="5"/>
							<param name="itemlabel" value="      $LOCALIZE[32372]"/>
							<param name="skinsetting" value="PauseOnVideoInfo"/>
							<param name="itemvisibility" value="Skin.HasSetting(InfoOpensVideoInfo)"/>
						</include>
						<item id="6">
			                <onclick>Skin.ToggleSetting(AutoClose.VideoOSD)</onclick>
						    <onclick>Skin.Reset(SkinInfo.AutoCloseVideoOSD)</onclick>
							<onclick>Skin.Reset(OSDTimeout)</onclick>
			                <label>[B]$LOCALIZE[32342][/B]</label>
			                <label2>$LOCALIZE[107]</label2>
						    <visible>Skin.HasSetting(AutoClose.VideoOSD)</visible>
		                </item>
					    <item id="6">
			                <onclick>Skin.ToggleSetting(AutoClose.VideoOSD)</onclick>
			                <label>[B]$LOCALIZE[32342][/B]</label>
			                <label2>$LOCALIZE[106]</label2>
					        <visible>!Skin.HasSetting(AutoClose.VideoOSD)</visible>
		                </item>
						<include content="YesNoSettingItem">
							<param name="itemid" value="7"/>
							<param name="itemlabel" value="   [B]$LOCALIZE[32341][/B]"/>
							<param name="skinsetting" value="AutoClose.withInfoService"/>
							<param name="itemvisibility" value="System.HasAddon(script.skin.info.service) + Skin.HasSetting(AutoClose.VideoOSD)"/>
						</include>
						<item id="8" description="Select Interval for Auto Closing OSD">
						    <label>      $LOCALIZE[32337]</label>
						    <label2>$VAR[OSDTimeout2LabelVar]</label2>
						    <onclick>SetProperty(CustomSelectOSDTimeout2,True)</onclick>
						    <onclick>ActivateWindow(1121)</onclick>
							<visible>Skin.HasSetting(AutoClose.VideoOSD) + System.HasAddon(script.skin.info.service) + Skin.HasSetting(AutoClose.withInfoService)</visible>
		                </item>
						<item id="8" description="Select Interval for Auto Closing OSD">
						    <label>   $LOCALIZE[32337]</label>
						    <label2>$VAR[OSDTimeoutLabelVar]</label2>
						    <onclick>SetProperty(CustomSelectOSDTimeout,True)</onclick>
						    <onclick>ActivateWindow(1121)</onclick>
							<visible>Skin.HasSetting(AutoClose.VideoOSD) + ![System.HasAddon(script.skin.info.service) + Skin.HasSetting(AutoClose.withInfoService)]</visible>
		                </item>
						<include content="YesNoSettingItem">
							<param name="itemid" value="9"/>
							<param name="itemlabel" value="$LOCALIZE[32354]"/>
							<param name="skinsetting" value="Hide.SeekBarWhenPaused"/>
						</include>
						<include content="YesNoSettingItem">
							<param name="itemid" value="10"/>
							<param name="itemlabel" value="$LOCALIZE[32363]"/>
							<param name="skinsetting" value="ShowInfoWithSeekBar"/>
						</include>
						<include content="YesNoSettingItem">
							<param name="itemid" value="11"/>
							<param name="itemlabel" value="[B]$LOCALIZE[32364][/B]"/>
							<param name="skinsetting" value="ShowSeekBarOnPlayback"/>
						</include>
						<item id="12" description="Select Interval for Seek Bar on Playback">
						    <label>      $LOCALIZE[32365]</label>
						    <label2>$VAR[SeekBarInitLabelVar]</label2>
						    <onclick>SetProperty(CustomSelectSeekBarInit,True)</onclick>
						    <onclick>ActivateWindow(1121)</onclick>
							<visible>Skin.HasSetting(ShowSeekBarOnPlayback)</visible>
		                </item>
						<include content="YesNoSettingItem">
							<param name="itemid" value="13"/>
							<param name="itemlabel" value="$LOCALIZE[32367]"/>
							<param name="skinsetting" value="NoFallbackThumbOSD"/>
						</include>
					</content>
				</control>				
                <!-- 9000 8 Video Info options -->
				<include content="SkinSettingsArrows">
				    <param name="panelid">9108</param>
				</include>
				<control type="panel" id="9108">
					<visible>Container(9000).HasFocus(8)</visible>
					<onright>500</onright>
					<pagecontrol>500</pagecontrol>
					<onup>9108</onup>
					<ondown>9108</ondown>
					<include>SettingsListCommons</include>
					<content>
                        <include content="YesNoSettingItem">
							<param name="itemid" value="1"/>
							<param name="itemlabel" value="$LOCALIZE[32057]"/>
							<param name="skinsetting" value="Show.SeasonEpisodeInfo"/>
						</include>
						<include content="YesNoSettingItem">
							<param name="itemid" value="2"/>
							<param name="itemlabel" value="$LOCALIZE[32058]"/>
							<param name="skinsetting" value="Show.EpisodeThumbInfo"/>
						</include>
						<include content="YesNoSettingItem">
							<param name="itemid" value="3"/>
							<param name="itemlabel" value="$LOCALIZE[32015]"/>
							<param name="skinsetting" value="Disable.ExtendedInfo"/>
						</include>
                        <item id="5" description="Blur Background - TMDbHelper present">
                            <visible>Skin.HasSetting(Enable.BlurredVideoInfo) + Skin.HasSetting(Enable.TMDbHelper)</visible>
                            <label>[B]$LOCALIZE[32156][/B]</label>
                            <label2>$LOCALIZE[107]</label2>
                            <onclick condition="Skin.HasSetting(Enable.TMDbHelper) + Skin.HasSetting(Enable.BlurredVideoInfo)">Skin.Reset(TMDbHelper.EnableBlur)</onclick>
                            <onclick condition="Skin.HasSetting(Enable.TMDbHelper) + Skin.HasSetting(Enable.BlurredVideoInfo)">ClearProperty(TMDbHelper.Blur.SourceImage,Home)</onclick>
							<onclick>Skin.Reset(Enable.BlurredVideoInfo)</onclick>
                        </item>
                        <item id="6" description="Blur Background - TMDbHelper not installed">
                            <visible>!Skin.HasSetting(Enable.BlurredVideoInfo) | !Skin.HasSetting(Enable.TMDbHelper)</visible>
                            <label>[B]$LOCALIZE[32156][/B]</label>
                            <label2>$LOCALIZE[106]</label2>
                            <onclick condition="!System.HasAddon(plugin.video.themoviedb.helper)">InstallAddon(plugin.video.themoviedb.helper)</onclick>
							<onclick condition="System.HasAddon(plugin.video.themoviedb.helper) + Skin.HasSetting(Enable.TMDbHelper) + !Skin.HasSetting(Enable.BlurredVideoInfo)">Skin.SetBool(TMDbHelper.EnableBlur)</onclick>
                            <onclick condition="System.HasAddon(plugin.video.themoviedb.helper) + Skin.HasSetting(Enable.TMDbHelper) + !Skin.HasSetting(Enable.BlurredVideoInfo)">SetProperty(TMDbHelper.Blur.SourceImage,fanart,Home)</onclick>
                            <onclick condition="System.HasAddon(plugin.video.themoviedb.helper) + Skin.HasSetting(Enable.TMDbHelper) + !Skin.HasSetting(Enable.BlurredVideoInfo)">Skin.SetBool(Enable.BlurredVideoInfo)</onclick>
                        </item>
                        <item id="7" description="Blur Poster">
                            <visible>Skin.HasSetting(Enable.BlurredVideoInfo) + Skin.HasSetting(Blur.UsePoster)</visible>
                            <label>      $LOCALIZE[32165]</label>
                            <label2>$LOCALIZE[107]</label2>
                            <onclick condition="Skin.HasSetting(Blur.UsePoster)">SetProperty(TMDbHelper.Blur.SourceImage,fanart,Home)</onclick>
                            <onclick>Skin.Reset(Blur.UsePoster)</onclick>
                        </item>
                        <item id="7" description="Blur Poster">
                            <visible>Skin.HasSetting(Enable.BlurredVideoInfo) + !Skin.HasSetting(Blur.UsePoster)</visible>
                            <label>      $LOCALIZE[32165]</label>
                            <label2>$LOCALIZE[106]</label2>
                            <onclick condition="!Skin.HasSetting(Blur.UsePoster)">SetProperty(TMDbHelper.Blur.SourceImage,poster,Home)</onclick>
                            <onclick condition="!Skin.HasSetting(Blur.UsePoster)">Skin.SetBool(Blur.UsePoster)</onclick>
                        </item>
                        <item id="9" description="Select Custom Info Lists">
							<label>$LOCALIZE[32104]</label>
							<onclick>SetProperty(CustomSelectInfoLists,True)</onclick>
							<onclick>ActivateWindow(1130)</onclick>
						</item>
						<item id="10" description="Select Ratings">
							<label>$LOCALIZE[32230]</label>
							<onclick>SetProperty(CustomSelectRatings,True)</onclick>
							<onclick>ActivateWindow(1138)</onclick>
						</item>
                        <item id="11" description="Embuary Info Config">
							<label>$LOCALIZE[32128]</label>
							<onclick condition="System.HasAddon(script.embuary.info)">Addon.OpenSettings(script.embuary.info)</onclick>
                            <onclick condition="!System.HasAddon(script.embuary.info)">InstallAddon(script.embuary.info)</onclick>
                        </item>
                        <item id="12" description="TMDb Helper Config">
							<label>$LOCALIZE[32155]</label>
							<onclick condition="System.HasAddon(plugin.video.themoviedb.helper)">Addon.OpenSettings(plugin.video.themoviedb.helper)</onclick>
                            <onclick condition="!System.HasAddon(plugin.video.themoviedb.helper)">InstallAddon(plugin.video.themoviedb.helper)</onclick>
						</item>
					</content>
				</control>
				<!-- 9000 9 - Color Options -->
				<include content="SkinSettingsArrows">
				    <param name="panelid">9109</param>
				</include>
				<control type="grouplist" id="9109">
					<visible>Container(9000).HasFocus(9)</visible>
					<onright>500</onright>
					<pagecontrol>500</pagecontrol>
                    <posx>495</posx>
                    <posy>120</posy>
                    <width>1350</width>
                    <height>860</height>
                    <onleft>9000</onleft>
                    <scrolltime>280</scrolltime>
					<onup>9109</onup>
					<ondown>9109</ondown>
					<control type="button" id="91080">
					    <width>1350</width>
						<height>60</height>
						<texturenofocus />
						<textoffsetx>30</textoffsetx>
			            <onclick>SetProperty(Dialog.1.Label,$LOCALIZE[571])</onclick>
			            <onclick>SetProperty(Dialog.1.BuiltIn,RunScript(script.embuary.helper,action=setkodisetting,setting=lookandfeel.skincolors,value=SKINDEFAULT)||Skin.SetString(HighlightColorStr,None)||Skin.SetString(LabelTextColorStr,None)||Skin.SetString(FocusedTextColorStr,None)||Skin.SetString(SelectedTextColorStr,None))</onclick>
			            <onclick>SetProperty(Dialog.2.Label,Blue)</onclick>
			            <onclick>SetProperty(Dialog.2.BuiltIn,RunScript(script.embuary.helper,action=setkodisetting,setting=lookandfeel.skincolors,value=Blue)||Skin.SetString(HighlightColorStr,None)||Skin.SetString(LabelTextColorStr,None)||Skin.SetString(FocusedTextColorStr,None)||Skin.SetString(SelectedTextColorStr,None))</onclick>
			            <onclick>SetProperty(Dialog.3.Label,Green)</onclick>
			            <onclick>SetProperty(Dialog.3.BuiltIn,RunScript(script.embuary.helper,action=setkodisetting,setting=lookandfeel.skincolors,value=Green)||Skin.SetString(HighlightColorStr,None)||Skin.SetString(LabelTextColorStr,None)||Skin.SetString(FocusedTextColorStr,None)||Skin.SetString(SelectedTextColorStr,None))</onclick>
			            <onclick>SetProperty(Dialog.4.Label,White)</onclick>
			            <onclick>SetProperty(Dialog.4.BuiltIn,RunScript(script.embuary.helper,action=setkodisetting,setting=lookandfeel.skincolors,value=White)||Skin.SetString(HighlightColorStr,None)||Skin.SetString(LabelTextColorStr,None)||Skin.SetString(FocusedTextColorStr,None)||Skin.SetString(SelectedTextColorStr,None))</onclick>
			            <onclick>RunScript(script.embuary.helper,action=createselect,header=$LOCALIZE[15111])</onclick>
			            <label>$LOCALIZE[32210]</label>
			            <label2>$VAR[SkinColorTheme]</label2>
						<visible>Skin.HasSetting(Enable.EmbuaryHelper)</visible>
		            </control>
					<control type="radiobutton" id="91091">
						<label>$LOCALIZE[32205]</label>
						<font>ListDetails</font>
						<onclick>Skin.SetString(SelectColorLabel,$LOCALIZE[32205])</onclick>
						<onclick>SetProperty(colorpick,HighlightColor,Home)</onclick>
                        <onclick>ActivateWindow(1117)</onclick>
						<include content="ColorButton">
							<param name="ColorString">$VAR[HighlightColor]</param>
						</include>
					</control>
					<control type="button" id="9109101">
					    <width>1350</width>
						<height>60</height>
						<font>ListDetails</font>
						<texturenofocus />
						<textoffsetx>30</textoffsetx>
			            <onclick>Skin.ToggleSetting(MatchPosterColors)</onclick>
			            <label>    $LOCALIZE[32289]</label>
			            <label2>$LOCALIZE[107]</label2>
						<visible>Skin.HasSetting(Enable.TMDbHelper) + Skin.HasSetting(MatchPosterColors)</visible>
		            </control>
					<control type="button" id="9109102">
					    <width>1350</width>
						<height>60</height>
						<font>ListDetails</font>
						<texturenofocus />
						<textoffsetx>30</textoffsetx>
			            <onclick>Skin.ToggleSetting(MatchPosterColors)</onclick>
			            <label>    $LOCALIZE[32289]</label>
			            <label2>$LOCALIZE[106]</label2>
						<visible>Skin.HasSetting(Enable.TMDbHelper) + !Skin.HasSetting(MatchPosterColors)</visible>
		            </control>
					<control type="radiobutton" id="91092">
						<font>ListDetails</font>
						<label>$LOCALIZE[32212]</label>
						<onclick>Skin.SetString(SelectColorLabel,$LOCALIZE[32212])</onclick>
						<onclick>SetProperty(colorpick,LabelTextColor,Home)</onclick>
                        <onclick>ActivateWindow(1117)</onclick>
						<include content="ColorButton">
							<param name="ColorString">$VAR[LabelTextColor]</param>
						</include>
					</control>					
					<control type="radiobutton" id="91093">
						<label>$LOCALIZE[32213]</label>
						<font>ListDetails</font>
						<onclick>Skin.SetString(SelectColorLabel,$LOCALIZE[32213])</onclick>
						<onclick>SetProperty(colorpick,FocusedTextColor,Home)</onclick>
                        <onclick>ActivateWindow(1117)</onclick>
						<include content="ColorButton">
							<param name="ColorString">$VAR[FocusedTextColor]</param>
						</include>
					</control>					
					<control type="radiobutton" id="91094">
						<label>$LOCALIZE[32214]</label>
						<font>ListDetails</font>
						<onclick>Skin.SetString(SelectColorLabel,$LOCALIZE[32214])</onclick>
						<onclick>SetProperty(colorpick,SelectedTextColor,Home)</onclick>
                        <onclick>ActivateWindow(1117)</onclick>
						<include content="ColorButton">
							<param name="ColorString">$VAR[SelectedTextColor]</param>
						</include>
					</control>
                    <control type="radiobutton" id="91095">
						<label>$LOCALIZE[32206]</label>
						<font>ListDetails</font>
						<onclick>Skin.SetString(SelectColorLabel,$LOCALIZE[32206])</onclick>
						<onclick>SetProperty(colorpick,GlowBarsColor,Home)</onclick>
                        <onclick>ActivateWindow(1117)</onclick>
						<include content="ColorButton">
							<param name="ColorString">$VAR[GlowBarsColor]</param>
						</include>
					</control>
                    <control type="radiobutton" id="91096">
						<label>$LOCALIZE[32207]</label>
						<font>ListDetails</font>
						<onclick>Skin.SetString(SelectColorLabel,$LOCALIZE[32207])</onclick>
						<onclick>SetProperty(colorpick,MenuBarColor,Home)</onclick>
                        <onclick>ActivateWindow(1117)</onclick>
						<include content="ColorButton">
							<param name="ColorString">$VAR[MenuBarColor]</param>
						</include>
					</control>
                    <control type="radiobutton" id="91097">
						<label>$LOCALIZE[32208]</label>
						<font>ListDetails</font>
						<onclick>Skin.SetString(SelectColorLabel,$LOCALIZE[32208])</onclick>
						<onclick>SetProperty(colorpick,VertMenuBladeColor,Home)</onclick>
                        <onclick>ActivateWindow(1117)</onclick>
						<include content="ColorButton">
							<param name="ColorString">$VAR[VertMenuBladeColor]</param>
						</include>
					</control>					
					<control type="radiobutton" id="91098">
						<label>$LOCALIZE[32209]</label>
						<font>ListDetails</font>
						<onclick>Skin.SetString(SelectColorLabel,$LOCALIZE[32209])</onclick>
						<onclick>SetProperty(colorpick,TopBarColor,Home)</onclick>
                        <onclick>ActivateWindow(1117)</onclick>
						<include content="ColorButton">
							<param name="ColorString">$VAR[TopBarColor]</param>
						</include>
					</control>
                    <control type="radiobutton" id="91099">
						<label>$LOCALIZE[32211]</label>
						<font>ListDetails</font>
						<onclick>Skin.SetString(SelectColorLabel,$LOCALIZE[32211])</onclick>
						<onclick>SetProperty(colorpick,DialogBGColor,Home)</onclick>
                        <onclick>ActivateWindow(1117)</onclick>
						<include content="ColorButton">
							<param name="ColorString">$VAR[DialogBGColor]</param>
						</include>
					</control>					
					<control type="radiobutton" id="910910">
						<label>$LOCALIZE[32215]</label>
						<font>ListDetails</font>
						<onclick>Skin.SetString(SelectColorLabel,$LOCALIZE[32215])</onclick>
						<onclick>SetProperty(colorpick,WidgetBGColor,Home)</onclick>
                        <onclick>ActivateWindow(1117)</onclick>
						<include content="ColorButton">
							<param name="ColorString">$VAR[WidgetBGColor]</param>
						</include>
					</control>
                    <control type="radiobutton" id="910911">
						<label>$LOCALIZE[32221]</label>
						<font>ListDetails</font>
						<onclick>Skin.SetString(SelectColorLabel,$LOCALIZE[32221])</onclick>
						<onclick>SetProperty(colorpick,ViewsBGColor,Home)</onclick>
                        <onclick>ActivateWindow(1117)</onclick>
						<include content="ColorButton">
							<param name="ColorString">$VAR[ViewsBGColor]</param>
						</include>
					</control>					
				</control>
				<!-- 9000 10 Search -->
				<control type="panel" id="9110">
					<visible>Container(9000).HasFocus(10)</visible>
					<onright>500</onright>
					<pagecontrol>500</pagecontrol>
					<onup>9110</onup>
					<ondown>9110</ondown>
					<include>SettingsListCommons</include>
					<content>
						<include content="YesNoSettingItemAddon">
							<param name="itemid" value="1"/>
							<param name="itemlabel" value="$LOCALIZE[31938]"/>
							<param name="skinsetting" value="Enable.GlobalSearch"/>
							<param name="addonpath" value="script.globalsearch"/>
						</include>
						<include content="YesNoSettingItem">
							<param name="itemid" value="2"/>
							<param name="itemlabel" value="$LOCALIZE[32228]"/>
							<param name="skinsetting" value="OnlyLocalSearches"/>
						</include>
						<item id="3" description="Select Search Categories">
							<label>$LOCALIZE[32168]</label>
							<onclick>SetProperty(CustomSelectSearchOptions,True)</onclick>
							<onclick>ActivateWindow(1133)</onclick>
						</item>
					</content>
				</control>
				<!-- 9000 11 Advanced options -->
				<include content="SkinSettingsArrows">
				    <param name="panelid">9111</param>
				</include>
				<control type="panel" id="9111">
					<visible>Container(9000).HasFocus(11)</visible>
					<onright>500</onright>
					<pagecontrol>500</pagecontrol>
					<onup>9111</onup>
					<ondown>9111</ondown>
					<include>SettingsListCommons</include>
					<content>
						<include content="YesNoSettingItem">
							<param name="itemid" value="1"/>
							<param name="itemlabel" value="$LOCALIZE[32040]"/>
							<param name="skinsetting" value="KioskMode.Enabled"/>
						</include>
						<include content="YesNoSettingItemAddon">
							<param name="itemid" value="2"/>
							<param name="itemlabel" value="$LOCALIZE[31969]"/>
							<param name="skinsetting" value="Use_Artist_Slideshow"/>
							<param name="addonpath" value="script.artistslideshow"/>
						</include>
						<include content="YesNoSettingItemAddon">
							<param name="itemid" value="3"/>
							<param name="itemlabel" value="$LOCALIZE[32008]"/>
							<param name="skinsetting" value="Enable.SpecialFeatures"/>
							<param name="addonpath" value="plugin.video.specialfeatures"/>
						</include>
						<include content="InstallAddonItem">
							<param name="itemid" value="4"/>
							<param name="itemlabel" value="$LOCALIZE[31939]"/>
							<param name="addonpath" value="script.image.resource.select"/>
						</include>
						<include content="CustomImageResourceSettingItem">
							<param name="itemid" value="5"/>
							<param name="itemlabel">$LOCALIZE[31940]</param>
							<param name="itemlabel2">$LOCALIZE[15109]</param>
							<param name="itemvisibility" value="System.HasAddon(script.image.resource.select)"/>
							<param name="resourcetype" value="weathericons"/>
						</include>
						<include content="CustomImageResourceSettingItem">
							<param name="itemid" value="6"/>
							<param name="itemlabel">$LOCALIZE[32046]</param>
							<param name="itemlabel2">$LOCALIZE[15109]</param>
							<param name="itemvisibility" value="System.HasAddon(script.image.resource.select)"/>
							<param name="resourcetype" value="weatherfanart"/>
						</include>
						<include content="CustomImageResourceSettingItem">
							<param name="itemid" value="7"/>
							<param name="itemlabel">$LOCALIZE[31942]</param>
							<param name="resourcetype" value="studios"/>
							<param name="itemvisibility" value="System.HasAddon(script.image.resource.select)"/>
						</include>
						<include content="CustomImageResourceSettingItem">
							<param name="itemid" value="8"/>
							<param name="itemlabel">$LOCALIZE[31945]</param>
							<param name="resourcetype" value="moviecountryicons"/>
							<param name="itemvisibility" value="System.HasAddon(script.image.resource.select)"/>
						</include>
						<item id="9" description="Set Video Genre Icons">
							<label>$LOCALIZE[31941]</label>
							<label2>$VAR[VideoGenreIconsLabel]</label2>
							<onclick>SetProperty(CustomSelectVideoGenreIcons,True)</onclick>
							<onclick>ActivateWindow(1121)</onclick>
						</item>
						<item id="11" description="Set Video Genre Fanart">
							<label>[B]$LOCALIZE[32283][/B]</label>
							<label2>$VAR[VideoGenreFanartLabel]</label2>
							<onclick>SetProperty(CustomSelectVideoGenreFanart,True)</onclick>
							<onclick>ActivateWindow(1121)</onclick>
						</item>
						<include content="YesNoSettingItem">
			                <param name="itemid" value="12"/>
			                <param name="itemlabel" value="      $LOCALIZE[32288]"/>
			                <param name="skinsetting" value="CustomVideoGenreFanart.Multi"/>
			                <param name="itemvisibility" value="!String.IsEmpty(Skin.String(CustomVideoGenreFanartPath))"/>
		                </include>
						<item id="13" description="Set Music Genre Icons">
							<label>$LOCALIZE[31944]</label>
							<label2>$VAR[MusicGenreIconsLabel]</label2>
							<onclick>SetProperty(CustomSelectMusicGenreIcons,True)</onclick>
							<onclick>ActivateWindow(1121)</onclick>
						</item>
						<item id="14" description="Set Music Genre Fanart">
							<label>[B]$LOCALIZE[32284][/B]</label>
							<label2>$VAR[MusicGenreFanartLabel]</label2>
							<onclick>SetProperty(CustomSelectMusicGenreFanart,True)</onclick>
							<onclick>ActivateWindow(1121)</onclick>
						</item>
						<include content="YesNoSettingItem">
			                <param name="itemid" value="15"/>
			                <param name="itemlabel" value="      $LOCALIZE[32288]"/>
			                <param name="skinsetting" value="CustomMusicGenreFanart.Multi"/>
			                <param name="itemvisibility" value="!String.IsEmpty(Skin.String(CustomMusicGenreFanartPath))"/>
		                </include>
						<include content="CustomImageResourceSettingItem">
							<param name="itemid" value="16"/>
							<param name="itemlabel">$LOCALIZE[31943]</param>
							<param name="resourcetype" value="recordlabels"/>
							<param name="itemvisibility" value="System.HasAddon(script.image.resource.select)"/>
						</include>
					</content>
				</control>
				<!-- 9000 12 - Backup/Restore -->
				<control type="panel" id="9112">
					<visible>Container(9000).HasFocus(12)</visible>
					<onright>500</onright>
					<pagecontrol>500</pagecontrol>
					<onup>9112</onup>
					<ondown>9112</ondown>
					<include>SettingsListCommons</include>
					<content>
						<item id="1" description="Backup Skin Settings">
							<label>$LOCALIZE[32065]</label>
							<onclick>RunScript(script.xbmcbackup,mode=backup)</onclick>
                            <onclick condition="!System.HasAddon(script.xbmcbackup)">InstallAddon(script.xbmcbackup)</onclick>
						</item>
						<item id="2" description="Restore Skin Settings Backup">
							<label>$LOCALIZE[32066]</label>
							<onclick>RunScript(script.xbmcbackup,mode=restore)</onclick>
                            <onclick condition="!System.HasAddon(script.xbmcbackup)">InstallAddon(script.xbmcbackup)</onclick>
							<onclick>ReloadSkin()</onclick>
						</item>
						<item id="3" description="Backup/Restore Config">
							<label>$LOCALIZE[32067]</label>
							<onclick>Addon.OpenSettings(script.xbmcbackup)</onclick>
							<onclick condition="!System.HasAddon(script.xbmcbackup)">InstallAddon(script.xbmcbackup)</onclick>
						</item>
<!--						<item id="4" description="Reset all settings to default">
							<label>$LOCALIZE[31038]</label>
							<icon>DefaultIconWarning.png</icon>
							<onclick>Skin.ResetSettings</onclick>
							<onclick>RunScript(script.skin.helper.skinbackup,action=reset)</onclick>
                            <onclick condition="!System.HasAddon(script.skin.helper.skinbackup)">InstallAddon(script.skin.helper.skinbackup)</onclick>
							<onclick>ReloadSkin()</onclick>
						</item> -->
					</content>
				</control>                
				<!-- 9000 13 - Manage Dependencies -->
				<include content="SkinSettingsArrows">
				    <param name="panelid">9113</param>
				</include>
				<control type="grouplist" id="9113">
					<visible>Container(9000).HasFocus(13)</visible>
					<onright>500</onright>
					<pagecontrol>500</pagecontrol>
                    <include>SettingsListCommons</include>
					<onup>9113</onup>
					<ondown>9113</ondown>                    
					<control type="radiobutton" id="91121">
						<label>script.favourites</label>
						<label2>$INFO[System.AddonVersion(script.favourites)]             </label2>
						<onclick condition="!System.HasAddon(script.favourites)">InstallAddon(script.favourites)</onclick>
						<selected>System.HasAddon(script.favourites)</selected>
					</control>
					<control type="radiobutton" id="91123">
						<label>resource.uisounds.amber</label>
						<label2>$INFO[System.AddonVersion(resource.uisounds.amber)]             </label2>
						<onclick condition="!System.HasAddon(resource.uisounds.amber)">InstallAddon(resource.uisounds.amber)</onclick>
						<selected>System.HasAddon(resource.uisounds.amber)</selected>
					</control>
					<control type="radiobutton" id="91124">
						<label>script.skinshortcuts</label>
						<label2>$INFO[System.AddonVersion(script.skinshortcuts)]             </label2>
						<onclick>Addon.OpenSettings(script.skinshortcuts)</onclick>
						<onclick condition="!System.HasAddon(script.skinshortcuts)">InstallAddon(script.skinshortcuts)</onclick>
						<selected>System.HasAddon(script.skinshortcuts)</selected>
					</control>
					<control type="radiobutton" id="91125">
						<label>script.globalsearch</label>
						<label2>$INFO[System.AddonVersion(script.globalsearch)]             </label2>
						<onclick>Addon.OpenSettings(script.globalsearch)</onclick>
						<onclick condition="!System.HasAddon(script.globalsearch)">InstallAddon(script.globalsearch)</onclick>
						<selected>System.HasAddon(script.globalsearch)</selected>
					</control>
<!--					<control type="radiobutton" id="91126">
						<label>script.tv.show.next.aired</label>
						<label2>$INFO[System.AddonVersion(script.tv.show.next.aired)]             </label2>
						<onclick>Addon.OpenSettings(script.tv.show.next.aired)</onclick>
						<onclick condition="!System.HasAddon(script.tv.show.next.aired)">InstallAddon(script.tv.show.next.aired)</onclick>
						<selected>System.HasAddon(script.tv.show.next.aired)</selected>
					</control>
					<control type="radiobutton" id="91128">
						<label>script.skin.helper.widgets</label>
						<label2>$INFO[System.AddonVersion(script.skin.helper.widgets)]             </label2>
						<onclick>Addon.OpenSettings(script.skin.helper.widgets)</onclick>
						<onclick condition="!System.HasAddon(service.skin.widgets)">InstallAddon(script.skin.helper.widgets)</onclick>
						<selected>System.HasAddon(script.skin.helper.widgets)</selected>
					</control> -->
					<control type="radiobutton" id="911211">
						<label>script.cu.lrclyrics</label>
						<label2>$INFO[System.AddonVersion(script.cu.lrclyrics)]             </label2>
						<onclick>Addon.OpenSettings(script.cu.lrclyrics)</onclick>
						<onclick condition="!System.HasAddon(script.cu.lrclyrics)">InstallAddon(script.cu.lrclyrics)</onclick>
						<selected>System.HasAddon(script.cu.lrclyrics)</selected>
					</control>
					<control type="radiobutton" id="911212">
						<label>script.artistslideshow</label>
						<label2>$INFO[System.AddonVersion(script.artistslideshow)]             </label2>
						<onclick>Addon.OpenSettings(script.artistslideshow)</onclick>
						<onclick condition="!System.HasAddon(script.artistslideshow)">InstallAddon(script.artistslideshow)</onclick>
						<selected>System.HasAddon(script.artistslideshow)</selected>
					</control>
<!--					<control type="radiobutton" id="911213">
						<label>plugin.video.specialfeatures</label>
						<label2>$INFO[System.AddonVersion(plugin.video.specialfeatures)]             </label2>
						<onclick>Addon.OpenSettings(plugin.video.specialfeatures)</onclick>
						<onclick condition="!System.HasAddon(plugin.video.specialfeatures)">InstallAddon(plugin.video.specialfeatures)</onclick>
						<selected>System.HasAddon(plugin.video.specialfeatures)</selected>
					</control> -->
					<control type="radiobutton" id="911214">
						<label>service.upnext</label>
						<label2>$INFO[System.AddonVersion(service.upnext)]             </label2>
						<onclick>Addon.OpenSettings(service.upnext)</onclick>
						<onclick condition="!System.HasAddon(service.upnext)">InstallAddon(service.upnext)</onclick>
						<selected>System.HasAddon(service.upnext)</selected>
					</control>
					<control type="radiobutton" id="911216">
						<label>service.library.data.provider</label>
						<label2>$INFO[System.AddonVersion(service.library.data.provider)]             </label2>
						<onclick>Addon.OpenSettings(service.library.data.provider)</onclick>
						<onclick condition="!System.HasAddon(service.library.data.provider)">InstallAddon(service.library.data.provider)</onclick>
						<selected>System.HasAddon(service.library.data.provider)</selected>
					</control>
					<control type="radiobutton" id="911217">
						<label>script.xbmcbackup</label>
						<label2>$INFO[System.AddonVersion(script.xbmcbackup)]             </label2>
						<onclick>Addon.OpenSettings(script.xbmcbackup)</onclick>
						<onclick condition="!System.HasAddon(script.xbmcbackup)">InstallAddon(script.xbmcbackup)</onclick>
						<selected>System.HasAddon(script.xbmcbackup)</selected>
					</control>
					<control type="radiobutton" id="911219">
						<label>script.skin.info.service</label>
						<label2>$INFO[System.AddonVersion(script.skin.info.service)]             </label2>
						<onclick>Addon.OpenSettings(script.skin.info.service)</onclick>
						<onclick condition="!System.HasAddon(script.skin.info.service)">InstallAddon(script.skin.info.service)</onclick>
						<selected>System.HasAddon(script.skin.info.service)</selected>
					</control>
					<control type="radiobutton" id="911220">
						<label>plugin.program.autocompletion</label>
						<label2>$INFO[System.AddonVersion(plugin.program.autocompletion)]             </label2>
						<onclick>Addon.OpenSettings(plugin.program.autocompletion)</onclick>
						<onclick condition="!System.HasAddon(plugin.program.autocompletion)">InstallAddon(plugin.program.autocompletion)</onclick>
						<selected>System.HasAddon(plugin.program.autocompletion)</selected>
					</control>
					<control type="radiobutton" id="911221">
						<label>script.metadata.editor</label>
						<label2>$INFO[System.AddonVersion(script.metadata.editor)]             </label2>
						<onclick>Addon.OpenSettings(script.metadata.editor)</onclick>
						<onclick condition="!System.HasAddon(script.metadata.editor)">InstallAddon(script.metadata.editor)</onclick>
						<selected>System.HasAddon(script.metadata.editor)</selected>
					</control>
					<control type="radiobutton" id="911222">
						<label>script.embuary.helper</label>
						<label2>$INFO[System.AddonVersion(script.embuary.helper)]             </label2>
						<onclick>Addon.OpenSettings(script.embuary.helper)</onclick>
						<onclick condition="!System.HasAddon(script.embuary.helper)">InstallAddon(script.embuary.helper)</onclick>
						<selected>System.HasAddon(script.embuary.helper)</selected>
					</control>
					<control type="radiobutton" id="911223">
						<label>script.embuary.info</label>
						<label2>$INFO[System.AddonVersion(script.embuary.info)]             </label2>
						<onclick>Addon.OpenSettings(script.embuary.info)</onclick>
						<onclick condition="!System.HasAddon(script.embuary.info)">InstallAddon(script.embuary.info)</onclick>
						<selected>System.HasAddon(script.embuary.info)</selected>
					</control>
					<control type="radiobutton" id="911224">
						<label>plugin.video.themoviedb.helper</label>
						<label2>$INFO[System.AddonVersion(plugin.video.themoviedb.helper)]             </label2>
						<onclick>Addon.OpenSettings(plugin.video.themoviedb.helper)</onclick>
						<onclick condition="!System.HasAddon(plugin.video.themoviedb.helper)">InstallAddon(plugin.video.themoviedb.helper)</onclick>
						<selected>System.HasAddon(plugin.video.themoviedb.helper)</selected>
					</control>
					<control type="radiobutton" id="911225">
						<label>script.skinvariables</label>
						<label2>$INFO[System.AddonVersion(script.skinvariables)]             </label2>
						<onclick condition="!System.HasAddon(script.skinvariables)">InstallAddon(script.skinvariables)</onclick>
						<selected>System.HasAddon(script.skinvariables)</selected>
					</control>
				</control>
			</control>
		</control>
		<control type="scrollbar" id="500">
			<left>1845</left>
			<top>100</top>
			<width>36</width>
			<height>900</height>
			<texturesliderbackground></texturesliderbackground>
			<texturesliderbar></texturesliderbar>
			<texturesliderbarfocus></texturesliderbarfocus>
			<textureslidernib border="18">OSD/ScrollbarNibNF.png</textureslidernib>
			<textureslidernibfocus border="18" colordiffuse="$VAR[HighlightColor]">OSD/ScrollbarNibFO.png</textureslidernibfocus>
			<orientation>vertical</orientation>
			<onleft>9100</onleft>
		</control>
		<control type="group" description="Holiday theme">
			<visible>Skin.HasSetting(holiday)</visible>
			<include>Holiday</include>
		</control>
	</controls>
</window>