<?xml version="1.0" encoding="UTF-8"?>
<window>
	<defaultcontrol>1000</defaultcontrol>
	<controls>
		<control type="group" description="MENU">
			<animation type="WindowOpen">
				<effect type="fade" start="0" end="100" time="200" />
			</animation>
			<animation type="WindowClose">
				<effect type="fade" start="100" end="0" time="100" />
			</animation>
			<control type="image" id="999" description="Menu BG">
				<posy>-24</posy>
				<height>1020</height>
				<width>525</width>
				<texture border="0,40,0,40">dialogs/ContextMenu.png</texture>
				<colordiffuse>$VAR[DialogBGColor]</colordiffuse>
			</control>
			<control type="group">
			    <posx>430</posx>
			    <posy>-23.5</posy>
			    <include>DialogCloseButtonCommons</include>
				<visible>Skin.HasSetting(Enable.TouchSupport)</visible>
		    </control>
			<control type="grouplist" id="996" description="Context menu container">
				<posx>16</posx>
                <include condition="Skin.HasSetting(Enable.TouchSupport)">ContextTopTouch</include>
				<include condition="!Skin.HasSetting(Enable.TouchSupport)">ContextTopStandard</include>
				<width>530</width>
				<height max="900">auto</height>
				<onup condition="Skin.HasSetting(Enable.TouchSupport)">909090</onup>
				<onup condition="!Skin.HasSetting(Enable.TouchSupport)">996</onup>
			</control>	
            <control type="button" id="1000" description="Buttons">
			    <width>493</width>
			    <height>60</height>
			    <textoffsetx>10</textoffsetx>
			    <align>center</align>
			    <texturefocus border="4" colordiffuse="$VAR[HighlightColor]">img/WhiteRoundedST2.png</texturefocus>
			    <texturenofocus border="3">buttons/ButtonNF.png</texturenofocus>
			    <focusedcolor>$VAR[FocusedTextColor]</focusedcolor>
			    <shadowcolor></shadowcolor>
			</control>
		</control>
	</controls>
</window>