<?xml version="1.0" encoding="UTF-8"?>
<fonts>
    <fontset id="Default" idloc="31390">
        <!-- Generic Normal Fonts -->
        <font>
            <name>font10</name>
            <filename>UbuntuCondensed.ttf</filename>
            <style>uppercase</style>
            <size>24</size>
        </font>
        <font>
            <name>font12</name>
            <filename>UbuntuCondensed.ttf</filename>
            <style>uppercase</style>
            <size>25</size>
        </font>
        <font>
            <name>font13</name>
            <filename>UbuntuCondensed.ttf</filename>
            <style>uppercase</style>
            <size>30</size>
        </font>
        <font>
            <name>font14</name>
            <filename>UbuntuCondensed.ttf</filename>
            <style>uppercase</style>
            <size>33</size>
        </font>
        <font>
            <name>font16</name>
            <filename>UbuntuCondensed.ttf</filename>
            <style>uppercase</style>
            <size>37</size>
        </font>
		<font>
            <name>font18</name>
            <filename>UbuntuCondensed.ttf</filename>
            <style>uppercase</style>
            <size>42</size>
        </font>
        <font>
            <name>font30</name>
            <filename>UbuntuCondensed.ttf</filename>
            <style>uppercase</style>
            <size>45</size>
        </font>
        <!-- Generic Title Fonts -->
        <font>
            <name>font10_title</name>
            <filename>UbuntuCondensed.ttf</filename>
            <style>bold uppercase</style>
            <size>20</size>
        </font>
        <font>
            <name>font12_title</name>
            <filename>UbuntuCondensed.ttf</filename>
            <style>bold uppercase</style>
            <size>24</size>
        </font>
        <font>
            <name>font13_title</name>
            <filename>UbuntuCondensed.ttf</filename>
            <style>bold uppercase</style>
            <size>27</size>
        </font>
        <font>
            <name>font20_title</name>
            <filename>UbuntuCondensed.ttf</filename>
            <style>bold uppercase</style>
            <size>30</size>
        </font>
        <font>
            <name>font24_title</name>
            <filename>UbuntuCondensed.ttf</filename>
            <style>bold uppercase</style>
            <size>33</size>
        </font>
        <font>
            <name>font28_title</name>
            <filename>UbuntuCondensed.ttf</filename>
            <style>bold uppercase</style>
            <size>39</size>
        </font>
        <font>
            <name>font30_title</name>
            <filename>UbuntuCondensed.ttf</filename>
            <style>bold uppercase</style>
            <size>42</size>
        </font>
        <font>
            <name>font35_title</name>
            <filename>UbuntuCondensed.ttf</filename>
            <style>bold uppercase</style>
            <size>46</size>
        </font>
        <font>
            <name>Clock</name>
            <filename>UbuntuCondensed.ttf</filename>
            <style>bold uppercase</style>
            <size>130</size>
        </font>
        <font>
            <name>Date</name>
            <filename>UbuntuCondensed.ttf</filename>
            <style>bold uppercase</style>
            <size>35</size>
        </font>
        <!-- Amber Fonts -->
        <font>
            <name>ExtProgressBar</name>
            <filename>UbuntuCondensed.ttf</filename>
            <size>18</size>
        </font>
        <font>
            <name>FanartTitleFont</name>
            <filename>UbuntuCondensed.ttf</filename>
            <style>uppercase</style>
            <size>18</size>
        </font>
        <font>
            <name>ExtProgressBar2</name>
            <filename>UbuntuCondensed.ttf</filename>
            <style>uppercase</style>
            <size>19</size>
        </font>
        <font>
            <name>font22</name>
            <filename>UbuntuCondensed.ttf</filename>
            <style>uppercase</style>
            <size>22</size>
        </font>
        <font>
            <name>Shelf_Label</name>
            <filename>UbuntuCondensed.ttf</filename>
            <style>uppercase</style>
            <size>26</size>
        </font>
        <font>
            <name>Shelf_Title</name>
            <filename>UbuntuCondensed.ttf</filename>
            <style>uppercase</style>
            <size>28</size>
        </font>
        <font>
            <name>InfoPlot</name>
            <filename>UbuntuCondensed.ttf</filename>
            <style>lighten</style>
            <size>34</size>
        </font>
		<font>
            <name>InfoPlotSmall</name>
            <filename>UbuntuCondensed.ttf</filename>
            <style>lighten</style>
            <size>28</size>
        </font>
        <font>
            <name>ListDetails</name>
            <filename>UbuntuCondensed.ttf</filename>
            <style>uppercase</style>
            <size>28</size>
        </font>
        <font>
            <name>ListDetailsSmall</name>
            <filename>UbuntuCondensed.ttf</filename>
            <style>uppercase</style>
            <size>20</size>
        </font>        
        <font>
            <name>Details</name>
            <filename>UbuntuCondensed.ttf</filename>
            <style>uppercase</style>
            <size>30</size>
        </font>
        <font>
            <name>Keyboard</name>
            <filename>arial.ttf</filename>
            <size>30</size>
        </font>
        <font>
            <name>InfoTitle</name>
            <filename>UbuntuCondensed.ttf</filename>
            <style>uppercase</style>
            <size>36</size>
            <style>bold</style>
        </font>
        <font>
            <name>MainLabelBig</name>
            <filename>UbuntuCondensed.ttf</filename>
            <style>uppercase</style>
            <size>39</size>
            <style>bold</style>
        </font>
        <font>
            <name>WeatherTitle</name>
            <filename>BebasNeue.ttf</filename>
            <size>45</size>
        </font>
        <font>
            <name>MainLabelBigTitle</name>
            <filename>UbuntuCondensed.ttf</filename>
            <style>uppercase</style>
            <size>44</size>
            <style>bold</style>
        </font>
        <font>
            <name>MainMenuVertical</name>
            <filename>BebasNeue.ttf</filename>
            <size>48</size>
        </font>
        <font>
            <name>MainMenuVerticalBig</name>
            <filename>BebasNeue.ttf</filename>
            <size>78</size>
        </font>        
        <font>
            <name>MainMenu</name>
            <filename>BebasNeue.ttf</filename>
            <size>88</size>
        </font>
        <font>
            <name>Font40_Icon</name>
            <filename>MaterialDesignIcons.ttf</filename>
            <size>40</size>
        </font>
        <font>
            <name>Mono26</name>
            <filename>UbuntuMono-R.ttf</filename>
            <style>uppercase</style>
            <size>26</size>
        </font>
		
		<!-- Lyrics Fonts -->
		<include>LyricsFonts</include>
		
    </fontset>
    <fontset id="Default no caps" idloc="31391">
        
		<!-- Lyrics Fonts -->
		<include>LyricsFonts</include>
		
		<!-- Generic Normal Fonts -->
        <font>
            <name>font10</name>
            <filename>UbuntuCondensed.ttf</filename>
            <size>28</size>
        </font>
        <font>
            <name>font12</name>
            <filename>UbuntuCondensed.ttf</filename>
            <size>29</size>
        </font>
        <font>
            <name>font13</name>
            <filename>UbuntuCondensed.ttf</filename>
            <size>34</size>
        </font>
        <font>
            <name>font14</name>
            <filename>UbuntuCondensed.ttf</filename>
            <size>33</size>
        </font>
        <font>
            <name>font16</name>
            <filename>UbuntuCondensed.ttf</filename>
            <size>36</size>
        </font>
        <font>
            <name>font30</name>
            <filename>UbuntuCondensed.ttf</filename>
            <size>45</size>
        </font>
        <!-- Generic Title Fonts -->
        <font>
            <name>font10_title</name>
            <filename>UbuntuCondensed.ttf</filename>
            <size>20</size>
            <style>bold</style>
        </font>
        <font>
            <name>font12_title</name>
            <filename>UbuntuCondensed.ttf</filename>
            <size>24</size>
            <style>bold</style>
        </font>
        <font>
            <name>font13_title</name>
            <filename>UbuntuCondensed.ttf</filename>
            <size>27</size>
            <style>bold</style>
        </font>
        <font>
            <name>font20_title</name>
            <filename>UbuntuCondensed.ttf</filename>
            <size>30</size>
            <style>bold</style>
        </font>
        <font>
            <name>font24_title</name>
            <filename>UbuntuCondensed.ttf</filename>
            <size>33</size>
            <style>bold</style>
        </font>
        <font>
            <name>font28_title</name>
            <filename>UbuntuCondensed.ttf</filename>
            <size>38</size>
            <style>bold</style>
        </font>
        <font>
            <name>font30_title</name>
            <filename>UbuntuCondensed.ttf</filename>
            <size>42</size>
            <style>bold</style>
        </font>
        <font>
            <name>font35_title</name>
            <filename>BebasNeue.ttf</filename>
            <size>46</size>
        </font>
        <font>
            <name>Clock</name>
            <filename>UbuntuCondensed.ttf</filename>
            <size>130</size>
        </font>
        <font>
            <name>Date</name>
            <filename>UbuntuCondensed.ttf</filename>
            <size>35</size>
        </font>
        <!-- Amber Fonts -->
        <font>
            <name>ExtProgressBar</name>
            <filename>UbuntuCondensed.ttf</filename>
            <size>21</size>
        </font>
        <font>
            <name>ExtProgressBar2</name>
            <filename>UbuntuCondensed.ttf</filename>
            <size>22</size>
        </font>
        <font>
            <name>FanartTitleFont</name>
            <filename>UbuntuCondensed.ttf</filename>
            <size>21</size>
        </font>        
        <font>
            <name>font22</name>
            <filename>UbuntuCondensed.ttf</filename>
            <size>25</size>
        </font>
        <font>
            <name>Shelf_Label</name>
            <filename>UbuntuCondensed.ttf</filename>
            <size>26</size>
        </font>
        <font>
            <name>Shelf_Title</name>
            <filename>UbuntuCondensed.ttf</filename>
            <size>28</size>
        </font>
        <font>
            <name>InfoPlot</name>
            <filename>UbuntuCondensed.ttf</filename>
            <style>lighten</style>
            <size>28</size>
        </font>
        <font>
            <name>ListDetails</name>
            <filename>UbuntuCondensed.ttf</filename>
            <size>28</size>
        </font>
        <font>
            <name>Details</name>
            <filename>UbuntuCondensed.ttf</filename>
            <size>32</size>
        </font>
        <font>
            <name>Keyboard</name>
            <filename>arial.ttf</filename>
            <size>33</size>
        </font>
        <font>
            <name>InfoTitle</name>
            <filename>UbuntuCondensed.ttf</filename>
            <size>39</size>
            <style>bold</style>
        </font>
        <font>
            <name>MainLabelBig</name>
            <filename>UbuntuCondensed.ttf</filename>
            <size>42</size>
            <style>bold</style>
        </font>
        <font>
            <name>WeatherTitle</name>
            <filename>BebasNeue.ttf</filename>
            <size>45</size>
        </font>
        <font>
            <name>MainLabelBigTitle</name>
            <filename>UbuntuCondensed.ttf</filename>
            <size>47</size>
            <style>bold</style>
        </font>
        <font>
            <name>MainMenuVertical</name>
            <filename>BebasNeue.ttf</filename>
            <size>48</size>
        </font>
        <font>
            <name>MainMenuVerticalBig</name>
            <filename>BebasNeue.ttf</filename>
            <size>78</size>
        </font>
        <font>
            <name>MainMenu</name>
            <filename>BebasNeue.ttf</filename>
            <size>78</size>
        </font>
        <font>
            <name>Font40_Icon</name>
            <filename>MaterialDesignIcons.ttf</filename>
            <size>40</size>
        </font>
        <font>
            <name>Mono26</name>
            <filename>UbuntuMono-R.ttf</filename>
            <size>26</size>
        </font>        
    </fontset>
    <fontset id="Arial" idloc="31392">
        
		<!-- Lyrics Fonts -->
		<include>LyricsFonts</include>
		
		<!-- Generic Normal Fonts -->
        <font>
            <name>font10</name>
            <filename>arial.ttf</filename>
            <size>27</size>
            <style>uppercase</style>
            <aspect>0.80</aspect>
        </font>
        <font>
            <name>font12</name>
            <filename>arial.ttf</filename>
            <size>28</size>
            <style>uppercase</style>
            <aspect>0.80</aspect>
        </font>
        <font>
            <name>font13</name>
            <filename>arial.ttf</filename>
            <size>33</size>
            <style>uppercase</style>
            <aspect>0.80</aspect>
        </font>
        <font>
            <name>font14</name>
            <filename>arial.ttf</filename>
            <size>36</size>
            <style>uppercase</style>
            <aspect>0.80</aspect>
        </font>
        <font>
            <name>font16</name>
            <filename>arial.ttf</filename>
            <size>39</size>
            <aspect>0.80</aspect>
            <style>uppercase</style>
        </font>
		<font>
            <name>font18</name>
            <filename>arial.ttf</filename>
            <size>42</size>
            <aspect>0.80</aspect>
            <style>uppercase</style>
        </font>
        <font>
            <name>font30</name>
            <filename>arial.ttf</filename>
            <size>45</size>
            <aspect>0.80</aspect>
            <style>uppercase</style>
        </font>
        <!-- Generic Title Fonts -->
        <font>
            <name>font10_title</name>
            <filename>arial.ttf</filename>
            <size>20</size>
            <aspect>0.80</aspect>
            <style>bold uppercase</style>
        </font>
        <font>
            <name>font12_title</name>
            <filename>arial.ttf</filename>
            <size>23</size>
            <aspect>0.80</aspect>
            <style>bold uppercase</style>
        </font>
        <font>
            <name>font13_title</name>
            <filename>arial.ttf</filename>
            <size>26</size>
            <aspect>0.80</aspect>
            <style>bold uppercase</style>
        </font>
        <font>
            <name>font20_title</name>
            <filename>arial.ttf</filename>
            <size>31</size>
            <aspect>0.80</aspect>
            <style>bold uppercase</style>
        </font>
        <font>
            <name>font24_title</name>
            <filename>arial.ttf</filename>
            <size>33</size>
            <style>bold uppercase</style>
            <aspect>0.80</aspect>
        </font>
        <font>
            <name>font28_title</name>
            <filename>arial.ttf</filename>
            <size>40</size>
            <style>bold uppercase</style>
            <aspect>0.80</aspect>
        </font>
        <font>
            <name>font30_title</name>
            <filename>arial.ttf</filename>
            <size>43</size>
            <style>bold uppercase</style>
            <aspect>0.80</aspect>
        </font>
        <font>
            <name>font35_title</name>
            <filename>arial.ttf</filename>
            <size>46</size>
            <aspect>0.80</aspect>
            <style>uppercase</style>
        </font>
        <font>
            <name>Clock</name>
            <filename>arial.ttf</filename>
            <aspect>0.80</aspect>
            <size>130</size>
        </font>
        <font>
            <name>Date</name>
            <filename>arial.ttf</filename>
            <aspect>0.80</aspect>     
            <size>35</size>
        </font>
        <!-- Amber Fonts -->
        <font>
            <name>ExtProgressBar</name>
            <filename>arial.ttf</filename>
            <size>18</size>
            <aspect>0.80</aspect>
            <style>uppercase</style>
        </font>
        <font>
            <name>ExtProgressBar2</name>
            <filename>arial.ttf</filename>
            <size>19</size>
            <aspect>0.80</aspect>
            <style>uppercase</style>
        </font>
        <font>
            <name>FanartTitleFont</name>
            <filename>arial.ttf</filename>
            <size>18</size>
            <aspect>0.80</aspect>
            <style>uppercase</style>
        </font>        
        <font>
            <name>font22</name>
            <filename>arial.ttf</filename>
            <size>21</size>
            <aspect>0.80</aspect>
            <style>uppercase</style>
        </font>
        <font>
            <name>Shelf_Label</name>
            <filename>arial.ttf</filename>
            <aspect>0.80</aspect>
            <style>uppercase</style>
            <size>26</size>
        </font>
        <font>
            <name>Shelf_Title</name>
            <filename>arial.ttf</filename>
            <size>27</size>
            <aspect>0.80</aspect>
            <style>uppercase</style>
        </font>
        <font>
            <name>InfoPlot</name>
            <filename>arial.ttf</filename>
            <size>28</size>
            <aspect>0.96</aspect>
            <linespacing>1.28</linespacing>
        </font>
        <font>
            <name>ListDetails</name>
            <filename>arial.ttf</filename>
            <size>27</size>
            <aspect>0.80</aspect>
            <style>uppercase</style>
        </font>
		<font>
            <name>ListDetailsSmall</name>
            <filename>arial.ttf</filename>
            <size>20</size>
            <aspect>0.80</aspect>
            <style>uppercase</style>
        </font>
        <font>
            <name>Details</name>
            <filename>arial.ttf</filename>
            <size>30</size>
            <aspect>0.80</aspect>
            <style>uppercase</style>
        </font>
        <font>
            <name>Keyboard</name>
            <filename>arial.ttf</filename>
            <size>30</size>
        </font>
        <font>
            <name>InfoTitle</name>
            <filename>arial.ttf</filename>
            <size>36</size>
            <style>bold uppercase</style>
            <aspect>0.80</aspect>
        </font>
        <font>
            <name>MainLabelBig</name>
            <filename>arial.ttf</filename>
            <size>39</size>
            <style>bold uppercase</style>
            <aspect>0.80</aspect>
        </font>
        <font>
            <name>WeatherTitle</name>
            <filename>arial.ttf</filename>
            <size>45</size>
            <aspect>0.80</aspect>
            <style>uppercase</style>
        </font>
        <font>
            <name>MainLabelBigTitle</name>
            <filename>arial.ttf</filename>
            <size>44</size>
            <style>bold uppercase</style>
            <aspect>0.80</aspect>
        </font>
        <font>
            <name>MainMenuVertical</name>
            <filename>arial.ttf</filename>
            <size>40</size>
            <aspect>0.80</aspect>
            <style>uppercase</style>
        </font>
        <font>
            <name>MainMenuVerticalBig</name>
            <filename>arial.ttf</filename>
            <size>60</size>
            <aspect>0.805</aspect>
            <style>uppercase</style>
        </font>
        <font>
            <name>MainMenu</name>
            <filename>arial.ttf</filename>
            <size>60</size>
            <aspect>0.805</aspect>
            <style>uppercase</style>
        </font>
        <font>
            <name>Font40_Icon</name>
            <filename>MaterialDesignIcons.ttf</filename>
            <size>40</size>
        </font>
        <font>
            <name>Mono26</name>
            <filename>arial.ttf</filename>
            <style>uppercase</style>
            <size>26</size>
        </font> 
    </fontset>
    <fontset id="Arial nocaps" idloc="31393">
        
		<!-- Lyrics Fonts -->
		<include>LyricsFonts</include>
		
		<!-- Generic Normal Fonts -->
        <font>
            <name>font10</name>
            <filename>arial.ttf</filename>
            <size>27</size>
            <aspect>0.80</aspect>
        </font>
        <font>
            <name>font12</name>
            <filename>arial.ttf</filename>
            <size>28</size>
            <aspect>0.80</aspect>
        </font>
        <font>
            <name>font13</name>
            <filename>arial.ttf</filename>
            <size>33</size>
            <aspect>0.80</aspect>
        </font>
        <font>
            <name>font14</name>
            <filename>arial.ttf</filename>
            <size>36</size>
            <aspect>0.80</aspect>
        </font>
        <font>
            <name>font16</name>
            <filename>arial.ttf</filename>
            <size>39</size>
            <aspect>1.0</aspect>
        </font>
		<font>
            <name>font18</name>
            <filename>arial.ttf</filename>
            <size>42</size>
            <aspect>1.0</aspect>
        </font>
        <font>
            <name>font30</name>
            <filename>arial.ttf</filename>
            <size>45</size>
            <aspect>1.0</aspect>
        </font>
        <!-- Generic Title Fonts -->
        <font>
            <name>font10_title</name>
            <filename>arial.ttf</filename>
            <size>20</size>
            <style>bold</style>
            <aspect>1.0</aspect>
        </font>
        <font>
            <name>font12_title</name>
            <filename>arial.ttf</filename>
            <size>24</size>
            <style>bold</style>
            <aspect>1.0</aspect>
        </font>
        <font>
            <name>font13_title</name>
            <filename>arial.ttf</filename>
            <size>27</size>
            <style>bold</style>
            <aspect>1.0</aspect>
        </font>
        <font>
            <name>font20_title</name>
            <filename>arial.ttf</filename>
            <size>32</size>
            <style>bold</style>
            <aspect>1.0</aspect>
        </font>
        <font>
            <name>font24_title</name>
            <filename>arial.ttf</filename>
            <size>33</size>
            <style>bold</style>
            <aspect>0.80</aspect>
        </font>
        <font>
            <name>font28_title</name>
            <filename>arial.ttf</filename>
            <size>40</size>
            <style>bold</style>
            <aspect>0.80</aspect>
        </font>
        <font>
            <name>font30_title</name>
            <filename>arial.ttf</filename>
            <size>43</size>
            <style>bold</style>
            <aspect>0.80</aspect>
        </font>
        <font>
            <name>font35_title</name>
            <filename>arial.ttf</filename>
            <size>46</size>
            <aspect>0.80</aspect>
        </font>
        <font>
            <name>Clock</name>
            <filename>arial.ttf</filename>
            <aspect>1.0</aspect>
            <size>130</size>
        </font>
        <font>
            <name>Date</name>
            <filename>arial.ttf</filename>
            <aspect>1.0</aspect>     
            <size>35</size>
        </font>
        <!-- Amber Fonts -->
        <font>
            <name>ExtProgressBar</name>
            <filename>arial.ttf</filename>
            <size>23</size>
            <aspect>1.0</aspect>
        </font>
        <font>
            <name>ExtProgressBar2</name>
            <filename>arial.ttf</filename>
            <size>23</size>
            <aspect>1.0</aspect>
        </font>
        <font>
            <name>FanartTitleFont</name>
            <filename>arial.ttf</filename>
            <size>23</size>
            <aspect>1.0</aspect>
        </font>        
        <font>
            <name>font22</name>
            <filename>arial.ttf</filename>
            <size>21</size>
            <aspect>0.80</aspect>
        </font>
        <font>
            <name>Shelf_Label</name>
            <filename>arial.ttf</filename>
            <aspect>1.0</aspect>
            <size>26</size>
        </font>
        <font>
            <name>Shelf_Title</name>
            <filename>arial.ttf</filename>
            <size>28</size>
            <aspect>1.0</aspect>
        </font>
        <font>
            <name>InfoPlot</name>
            <filename>arial.ttf</filename>
            <size>31</size>
            <aspect>1.0</aspect>
        </font>
		<font>
            <name>InfoPlotSmall</name>
            <filename>arial.ttf</filename>
            <size>28</size>
            <aspect>1.0</aspect>
        </font>
        <font>
            <name>ListDetails</name>
            <filename>arial.ttf</filename>
            <size>28</size>
            <aspect>1.0</aspect>
        </font>
		<font>
            <name>ListDetailsSmall</name>
            <filename>arial.ttf</filename>
            <size>20</size>
            <aspect>1.0</aspect>
        </font>
        <font>
            <name>Details</name>
            <filename>arial.ttf</filename>
            <size>28</size>
            <aspect>1.0</aspect>
        </font>
        <font>
            <name>Keyboard</name>
            <filename>arial.ttf</filename>
            <size>33</size>
        </font>
        <font>
            <name>InfoTitle</name>
            <filename>arial.ttf</filename>
            <size>36</size>
            <style>bold</style>
            <aspect>1.0</aspect>
        </font>
        <font>
            <name>MainLabelBig</name>
            <filename>arial.ttf</filename>
            <size>39</size>
            <style>bold</style>
            <aspect>0.80</aspect>
        </font>
        <font>
            <name>WeatherTitle</name>
            <filename>arial.ttf</filename>
            <size>45</size>
            <aspect>0.80</aspect>
        </font>
        <font>
            <name>MainLabelBigTitle</name>
            <filename>arial.ttf</filename>
            <size>44</size>
            <style>bold</style>
            <aspect>0.80</aspect>
        </font>
        <font>
            <name>MainMenuVertical</name>
            <filename>arial.ttf</filename>
            <size>40</size>
            <aspect>0.80</aspect>
        </font>
        <font>
            <name>MainMenuVerticalBig</name>
            <filename>arial.ttf</filename>
            <size>60</size>
            <aspect>1.0</aspect>
            <style>normal</style>
        </font>        
        <font>
            <name>MainMenu</name>
            <filename>arial.ttf</filename>
            <size>60</size>
            <aspect>1.0</aspect>
            <style>normal</style>
        </font>
        <font>
            <name>Font40_Icon</name>
            <filename>MaterialDesignIcons.ttf</filename>
            <size>40</size>
        </font> 
        <font>
            <name>Mono26</name>
            <filename>arial.ttf</filename>
            <size>26</size>
        </font>        
    </fontset>
    <fontset id="Trial" idloc="31394">
        
		<!-- Lyrics Fonts -->
		<include>LyricsFonts</include>
		
		<!-- Generic Normal Fonts -->
        <font>
            <name>font10</name>
            <filename>NotoSans-Regular.ttf</filename>
            <size>22</size>
        </font>
        <font>
            <name>font12</name>
            <filename>NotoSans-Regular.ttf</filename>
            <size>28</size>
        </font>
        <font>
            <name>font13</name>
            <filename>NotoSans-Regular.ttf</filename>
            <size>33</size>
        </font>
        <font>
            <name>font14</name>
            <filename>NotoSans-Regular.ttf</filename>
            <size>36</size>
        </font>
        <font>
            <name>font16</name>
            <filename>NotoSans-Regular.ttf</filename>
            <size>39</size>
        </font>
		<font>
            <name>font18</name>
            <filename>NotoSans-Regular.ttf</filename>
            <size>42</size>
        </font>
        <font>
            <name>font30</name>
            <filename>NotoSans-Regular.ttf</filename>
            <size>45</size>
        </font>
        <!-- Generic Title Fonts -->
        <font>
            <name>font10_title</name>
            <filename>NotoSans-Regular.ttf</filename>
            <size>20</size>
            <style>bold</style>
        </font>
        <font>
            <name>font12_title</name>
            <filename>NotoSans-Regular.ttf</filename>
            <size>23</size>
            <style>bold</style>
        </font>
        <font>
            <name>font13_title</name>
            <filename>NotoSans-Regular.ttf</filename>
            <size>26</size>
            <style>bold</style>
        </font>
        <font>
            <name>font20_title</name>
            <filename>NotoSans-Regular.ttf</filename>
            <size>31</size>
            <style>bold</style>
        </font>
        <font>
            <name>font24_title</name>
            <filename>NotoSans-Regular.ttf</filename>
            <size>33</size>
            <style>bold</style>
        </font>
        <font>
            <name>font28_title</name>
            <filename>NotoSans-Regular.ttf</filename>
            <size>40</size>
            <style>bold</style>
        </font>
        <font>
            <name>font30_title</name>
            <filename>NotoSans-Regular.ttf</filename>
            <size>43</size>
            <style>bold</style>
        </font>
        <font>
            <name>font35_title</name>
            <filename>NotoSans-Regular.ttf</filename>
            <size>46</size>
        </font>
        <font>
            <name>Clock</name>
            <filename>NotoSans-Regular.ttf</filename>
            <size>130</size>
        </font>
        <font>
            <name>Date</name>
            <filename>NotoSans-Regular.ttf</filename>
            <size>35</size>
        </font>
        <!-- Amber Fonts -->
        <font>
            <name>ExtProgressBar</name>
            <filename>NotoSans-Regular.ttf</filename>
            <size>18</size>
        </font>
        <font>
            <name>ExtProgressBar2</name>
            <filename>NotoSans-Regular.ttf</filename>
            <size>19</size>
        </font>
        <font>
            <name>FanartTitleFont</name>
            <filename>NotoSans-Regular.ttf</filename>
            <size>18</size>
        </font>
        <font>
            <name>font22</name>
            <filename>NotoSans-Regular.ttf</filename>
            <size>21</size>
        </font>
        <font>
            <name>Shelf_Label</name>
            <filename>RobotoCondensed-Regular.ttf</filename>
            <size>26</size>
        </font>
        <font>
            <name>Shelf_Title</name>
            <filename>RobotoCondensed-Regular.ttf</filename>
            <size>26</size>
            <style>bold</style>
        </font>
        <font>
            <name>InfoPlot</name>
            <filename>NotoSans-Regular.ttf</filename>
            <size>28</size>
        </font>
		<font>
            <name>InfoPlotSmall</name>
            <filename>NotoSans-Regular.ttf</filename>
            <size>20</size>
        </font>
        <font>
            <name>ListDetails</name>
            <filename>NotoSans-Regular.ttf</filename>
            <size>27</size>
        </font>
		<font>
            <name>ListDetailsSmall</name>
            <filename>NotoSans-Regular.ttf</filename>
            <size>20</size>
        </font>
        <font>
            <name>Details</name>
            <filename>NotoSans-Regular.ttf</filename>
            <size>30</size>
        </font>
        <font>
            <name>Keyboard</name>
            <filename>NotoSans-Regular.ttf</filename>
            <size>30</size>
        </font>
        <font>
            <name>InfoTitle</name>
            <filename>NotoSans-Regular.ttf</filename>
            <size>36</size>
            <style>bold</style>
        </font>
        <font>
            <name>MainLabelBig</name>
            <filename>NotoSans-Regular.ttf</filename>
            <size>39</size>
            <style>bold</style>
        </font>
        <font>
            <name>WeatherTitle</name>
            <filename>NotoSans-Regular.ttf</filename>
            <size>42</size>
        </font>
        <font>
            <name>MainLabelBigTitle</name>
            <filename>NotoSans-Regular.ttf</filename>
            <size>44</size>
            <style>bold</style>
        </font>
        <font>
            <name>MainMenuVertical</name>
            <filename>RobotoCondensed-Regular.ttf</filename>
            <size>48</size>
        </font>
        <font>
            <name>MainMenuVerticalBig</name>
            <filename>RobotoCondensed-Regular.ttf</filename>
            <size>78</size>
        </font>        
        <font>
            <name>MainMenu</name>
            <filename>RobotoCondensed-Regular.ttf</filename>
            <size>72</size>
        </font>
        <font>
            <name>Font40_Icon</name>
            <filename>MaterialDesignIcons.ttf</filename>
            <size>40</size>
        </font>
        <font>
            <name>Mono26</name>
            <filename>NotoSansMono-Regular.ttf</filename>
            <size>26</size>
        </font>        
    </fontset>
</fonts>
