<?xml version="1.0" encoding="UTF-8"?>
<includes>

	<include name="TopSeekBar">
	    <posy>0</posy>
	</include>
	<include name="BottomSeekBar">
	    <posy>952</posy>
	</include>

    <include name="LowerOSDSlider">
	    <top>941</top>
	</include>
	<include name="RegularOSDSlider">
	    <top>-11</top>
	</include>
	
	<include name="LowerOSDButtons">
	    <top>800</top>
	</include>
	<include name="RegularOSDButtons">
	    <top>930</top>
	</include>
	
	<include name="LowerMusicOSDButtons">
	    <top>800</top>
	</include>
	<include name="RegularMusicOSDButtons">
	    <top>920</top>
	</include>
	
	<include name="LowerOSDPopups">
	    <top>390</top>
	</include>
	<include name="RegularOSDPopups">
	    <top>520</top>
	</include>
	
	<include name="LowerMusicOSDPopups">
	    <top>390</top>
	</include>
	<include name="RegularMusicOSDPopups">
	    <top>555</top>
	</include>
	
	<include name="LowerFullScreenInfo">
	    <top>700</top>
	</include>
	<include name="RegularFullScreenInfo">
	    <top>820</top>
	</include>
	
	<include name="LowerMusicFullScreenInfo">
	    <top>700</top>
	</include>
	<include name="RegularMusicFullScreenInfo">
	    <top>820</top>
	</include>
    
    <!-- Includes for opening Video Info Dialog from OSD -->	
	<variable name="VideoOSDInfoButtonListType">
		<value condition="VideoPlayer.Content(movies)">movie</value>
		<value condition="VideoPlayer.Content(episodes)">episode</value>
		<value></value>
	</variable>
	<include name="VideoOSDInfoButtonList">
		<control type="list" id="43260">
			<left>0</left>
			<top>0</top>
			<width>1</width>
			<height>1</height>
			<itemlayout/>
			<focusedlayout/>
			<content>plugin://service.library.data.provider?type=$VAR[VideoOSDInfoButtonListType]&amp;dbid=$INFO[VideoPlayer.DBID]&amp;dbtype=$VAR[VideoOSDInfoButtonListType]</content>
		</control>
	</include>

</includes>