<?xml version="1.0" encoding="UTF-8"?>
<window>
    <defaultcontrol always="true">50</defaultcontrol>
    <views>50</views>
    <controls>
        <include>DefaultBackground</include>
        <include content="BackgroundOverlay">
            <param name="parentid" value="50"/>
        </include>
        <include>Time</include>
        <control type="group">
            <include>OpenClose</include>
            <control type="group">
                <description>TV Search group</description>
                <include>MiniVideoWindow</include>
                <control type="list" id="50" description="Timers">
                    <posx>960</posx>
                    <posy>60</posy>
                    <width>930</width>
                    <include condition="!Skin.HasSetting(Enable.TouchSupport)">PVRTimersHeightStandard</include>
				    <include condition="Skin.HasSetting(Enable.TouchSupport)">PVRTimersHeightTouch</include>
                    <scrolltime>350</scrolltime>
                    <onleft condition="[Window.IsVisible(TVTimerRules) | Window.IsVisible(RadioTimerRules)] + !Skin.HasSetting(KioskMode.Enabled)">103</onleft>
                    <onleft condition="![Window.IsVisible(TVTimerRules) | Window.IsVisible(RadioTimerRules)] + !Skin.HasSetting(KioskMode.Enabled)">104</onleft>
                    <onright>73</onright>
                    <onup>50</onup>
                    <ondown>50</ondown>
                    <pagecontrol>73</pagecontrol>
                    <itemlayout height="90">
                        <control type="image">
                            <height>90</height>
                            <width>930</width>
                            <texture border="3">list/ListNF.png</texture>
                        </control>
                        <control type="label" description="Timer label">
                            <posx>10</posx>
                            <width>680</width>
                            <height>45</height>
                            <scroll>false</scroll>
                            <label>$INFO[ListItem.Label,[B],[/B]] $INFO[ListItem.ChannelName,(,)]</label>
                        </control>
                        <control type="label" description="Date">
                            <posx>10</posx>
                            <posy>45</posy>
                            <width>580</width>
                            <height>45</height>
                            <scroll>false</scroll>
                            <font>ListDetails</font>
                            <label>$INFO[ListItem.Date]</label>
                        </control>
                        <control type="textbox" description="Comment">
                            <posx>650</posx>
                            <width>270</width>
                            <height>90</height>
                            <aligny>center</aligny>
                            <align>right</align>
                            <font>ListDetails</font>
                            <label>$VAR[TVSearchStatus]</label>
                        </control>
                    </itemlayout>
                    <focusedlayout height="90">
                        <control type="image">
                            <posy>3</posy>
                            <width>930</width>
                            <height>90</height>
                            <texture border="4" colordiffuse="$VAR[HighlightColor]">img/WhiteRoundedST2.png</texture>
                            <animation effect="fade" start="100" end="50" time="100" condition="!Control.HasFocus(50)">Conditional</animation>
                        </control>
                        <control type="label" description="Timer label">
                            <posx>10</posx>
                            <width>680</width>
                            <height>45</height>
                            <scroll>false</scroll>
                            <label>$INFO[ListItem.Label,[B],[/B]] $INFO[ListItem.ChannelName,(,)]</label>
                            <textcolor>$VAR[FocusedTextColor]</textcolor>
                            <shadowcolor></shadowcolor>
                        </control>
                        <control type="label" description="Date">
                            <posx>10</posx>
                            <posy>45</posy>
                            <width>580</width>
                            <height>45</height>
                            <scroll>false</scroll>
                            <font>ListDetails</font>
                            <label>$INFO[ListItem.Date]</label>
                            <textcolor>$VAR[FocusedTextColor]</textcolor>
                            <shadowcolor></shadowcolor>
                        </control>
                        <control type="textbox" description="Comment">
                            <posx>650</posx>
                            <width>270</width>
                            <height>90</height>
                            <aligny>center</aligny>
                            <align>right</align>
                            <font>ListDetails</font>
                            <label>$VAR[TVSearchStatus]</label>
                            <textcolor>$VAR[FocusedTextColor]</textcolor>
                            <shadowcolor></shadowcolor>
                        </control>
                    </focusedlayout>
                </control>
            </control>
            <include content="PanelTemplate">
                <param name="top">445</param>
                <param name="height">385</param>
                <param name="heading">$VAR[panelheading]</param>
                <param name="subheading">$VAR[panelsubheading]</param>
                <param name="plot">$VAR[Plots]</param>
                <param name="footer">$VAR[panelfooter]</param>
                <param name="visibility">true</param>
                <param name="showflags">false</param>
            </include>
			<include condition="Skin.HasSetting(Enable.TouchSupport)">TouchButtons</include>
        </control>
        <include>PVRSideBlade</include>
    </controls>
</window>
