<?xml version="1.0" encoding="UTF-8"?>
<includes>
    
	<include name="SimpleListWidthOneColumn">
	    <left>25</left>
		<width>1870</width>
	</include>
	
	<include name="SimpleListWidthMultipleColumns">
	    <left>85</left>
		<width>1730</width>
	</include>
	
	
	<include name="View_57_SimpleList">
        <control type="group" description="Content">
            <include content="BackgroundOverlay">
                <param name="parentid" value="57"/>
            </include>
            <visible>Control.IsVisible(57)</visible>
            <include>ContentFade</include>
            
            <control type="panel" id="57" description="Simple List">
                <viewtype label="$LOCALIZE[31632]">list</viewtype>
                <top>60</top>
				
				<include condition="!Skin.HasSetting(57_SingleColumn)">SimpleListWidthMultipleColumns</include>
				<include condition="Skin.HasSetting(57_SingleColumn)">SimpleListWidthOneColumn</include>
                
                <include condition="!Skin.HasSetting(Enable.TouchSupport)">BigPanelHeightStandard</include>
				<include condition="Skin.HasSetting(Enable.TouchSupport)">BigPanelHeightTouch</include>
				
                <orientation>vertical</orientation>
				<onleft condition="!Skin.HasSetting(KioskMode.Enabled)">9000</onleft>
                <onleft condition="Skin.HasSetting(KioskMode.Enabled)">noop</onleft>
                <oninfo condition="ListItem.IsCollection + !String.Contains(System.BuildVersion,19.0)">ActivateWindow(1127)</oninfo>
                <onright condition="!Control.IsVisible(615)">657</onright>
				<onright condition="Control.IsVisible(615)">615</onright>
                <onup>57</onup>
                <ondown>57</ondown>
                <preloaditems>4</preloaditems>
                <pagecontrol>657</pagecontrol>
				<visible>[$EXP[Exp_View_57] + Skin.HasSetting(Enable.NewViewSelector)] | [!Skin.HasSetting(hide.simplelistview) + !Skin.HasSetting(Enable.NewViewSelector)]</visible>
                
				<include content="SimpleList_Layout" condition="!Skin.HasSetting(57_SingleColumn)">
					<param name="ListLabelFont">font16</param>
					<param name="ListLabel2Font">ListDetails</param>
					<param name="itemheight">72</param>
					<param name="itemwidth">570</param>
					<param name="label1width">531</param>
					<param name="label2width">511</param>
					<param name="overlaypos">535</param>
		            <param name="episodesbackgroundpos">520</param>
		            <param name="episodeslabelpos">495</param>
					<param name="BGposy">15</param>
				</include>
				
				<include content="SimpleList_Layout" condition="Skin.HasSetting(57_SingleColumn)">
					<param name="ListLabelFont">font16</param>
					<param name="ListLabel2Font">ListDetails</param>
					<param name="itemheight">72</param>
					<param name="itemwidth">1850</param>
					<param name="label1width">1811</param>
					<param name="label2width">1791</param>
					<param name="overlaypos">1815</param>
		            <param name="episodesbackgroundpos">1800</param>
		            <param name="episodeslabelpos">1775</param>
					<param name="BGposy">15</param>
				</include>
                
            </control>

            <control type="scrollbar" id="657">
                <animation effect="slide" start="0,0" end="-8,0" time="150">Focus</animation>
                <animation effect="slide" start="-8,0" end="0,0" time="300">UnFocus</animation>
                <posx>20r</posx>
                <top>60</top>
                <width>36</width>
                <height>990</height>
                <texturesliderbackground></texturesliderbackground>
                <texturesliderbar></texturesliderbar>
                <texturesliderbarfocus></texturesliderbarfocus>
                <textureslidernib border="18">OSD/ScrollbarNibNF.png</textureslidernib>
                <textureslidernibfocus border="18" colordiffuse="$VAR[HighlightColor]">OSD/ScrollbarNibFO.png</textureslidernibfocus>
                <showonepage>false</showonepage>
                <orientation>vertical</orientation>
                <onleft>57</onleft>
                <onright>57</onright>
                <visible>!Skin.HasSetting(Show.JumpToLetter) | ![String.IsEqual(Container.SortMethod,$LOCALIZE[551]) | String.IsEqual(Container.SortMethod,$LOCALIZE[556]) | String.IsEqual(Container.SortMethod,$LOCALIZE[561]) | String.IsEqual(Container.SortMethod,$LOCALIZE[558]) | String.IsEqual(Container.SortMethod,$LOCALIZE[557])]</visible>
            </control>
        
            <control type="button" id="657">
                <visible>Control.IsVisible(57)</visible>
                <visible>Skin.HasSetting(Show.JumpToLetter) + !Skin.HasSetting(Show.EHJumpToLetter) + [String.IsEqual(Container.SortMethod,$LOCALIZE[551]) | String.IsEqual(Container.SortMethod,$LOCALIZE[556]) | String.IsEqual(Container.SortMethod,$LOCALIZE[561]) | String.IsEqual(Container.SortMethod,$LOCALIZE[558]) | String.IsEqual(Container.SortMethod,$LOCALIZE[557])]</visible>
                <font />
                <texturefocus />
                <texturenofocus />
                <width>40</width>
                <onleft>57</onleft>
                <posx>50r</posx>
                <posy>75</posy>
                <height>990</height>
                <ondown>SetFocus(57)</ondown>
                <ondown>Action(nextletter)</ondown>
                <ondown condition="!Container.HasNext | String.IsEqual(ListItem.SortLetter,Z)">Action(jumpsms2)</ondown>
                <ondown condition="!Container.HasNext | String.IsEqual(ListItem.SortLetter,Z)">Action(prevletter)</ondown>
                <ondown condition="!Container.HasNext | String.IsEqual(ListItem.SortLetter,Z)">Action(prevletter)</ondown>
                <ondown condition="!Container.HasNext | String.IsEqual(ListItem.SortLetter,Z)">Action(prevletter)</ondown>
                <ondown>SetFocus(657)</ondown>
                <onup>SetFocus(57)</onup>
                <onup>Action(prevletter)</onup>
                <onup condition="!Container.HasPrevious | $EXP[Exp_SortLetterIsNumber]">Action(jumpsms9)</onup>
                <onup condition="!Container.HasPrevious | $EXP[Exp_SortLetterIsNumber]">Action(nextletter)</onup>
                <onup condition="!Container.HasPrevious | $EXP[Exp_SortLetterIsNumber]">Action(nextletter)</onup>
                <onup condition="!Container.HasPrevious | $EXP[Exp_SortLetterIsNumber]">Action(nextletter)</onup>
                <onup>SetFocus(657)</onup>
            </control>            

            <control type="grouplist" id="657571">
                <posx>36r</posx>
                <posy>75</posy>
                <height>990</height>
                <width>42</width>
                <itemgap>0</itemgap>
                <orientation>vertical</orientation>
                <animation effect="fade" start="100" end="0" time="400" condition="!Control.HasFocus(657) + !Container.Scrolling">Conditional</animation>
                <include>AlphabetNumber</include>
                <include content="AlphabetLetter"><param name="label" value="A" /></include>
                <include content="AlphabetLetter"><param name="label" value="B" /></include>
                <include content="AlphabetLetter"><param name="label" value="C" /></include>
                <include content="AlphabetLetter"><param name="label" value="D" /></include>
                <include content="AlphabetLetter"><param name="label" value="E" /></include>
                <include content="AlphabetLetter"><param name="label" value="F" /></include>
                <include content="AlphabetLetter"><param name="label" value="G" /></include>
                <include content="AlphabetLetter"><param name="label" value="H" /></include>
                <include content="AlphabetLetter"><param name="label" value="I" /></include>
                <include content="AlphabetLetter"><param name="label" value="J" /></include>
                <include content="AlphabetLetter"><param name="label" value="K" /></include>
                <include content="AlphabetLetter"><param name="label" value="L" /></include>
                <include content="AlphabetLetter"><param name="label" value="M" /></include>
                <include content="AlphabetLetter"><param name="label" value="N" /></include>
                <include content="AlphabetLetter"><param name="label" value="O" /></include>
                <include content="AlphabetLetter"><param name="label" value="P" /></include>
                <include content="AlphabetLetter"><param name="label" value="Q" /></include>
                <include content="AlphabetLetter"><param name="label" value="R" /></include>
                <include content="AlphabetLetter"><param name="label" value="S" /></include>
                <include content="AlphabetLetter"><param name="label" value="T" /></include>
                <include content="AlphabetLetter"><param name="label" value="U" /></include>
                <include content="AlphabetLetter"><param name="label" value="V" /></include>
                <animation effect="fade" start="100" end="0" condition="[String.IsEqual(ListItem.SortLetter,O) | String.IsEqual(ListItem.SortLetter,P) | String.IsEqual(ListItem.SortLetter,Q) | String.IsEqual(ListItem.SortLetter,R) | String.IsEqual(ListItem.SortLetter,S) | String.IsEqual(ListItem.SortLetter,T) | String.IsEqual(ListItem.SortLetter,U) | String.IsEqual(ListItem.SortLetter,V) | String.IsEqual(ListItem.SortLetter,W) | String.IsEqual(ListItem.SortLetter,X) | String.IsEqual(ListItem.SortLetter,Y) | String.IsEqual(ListItem.SortLetter,Z)]">Conditional</animation>
                <visible>Control.IsVisible(57)</visible>
                <visible>Skin.HasSetting(Show.JumpToLetter) + !Skin.HasSetting(Show.EHJumpToLetter) + [String.IsEqual(Container.SortMethod,$LOCALIZE[551]) | String.IsEqual(Container.SortMethod,$LOCALIZE[556]) | String.IsEqual(Container.SortMethod,$LOCALIZE[561]) | String.IsEqual(Container.SortMethod,$LOCALIZE[558]) | String.IsEqual(Container.SortMethod,$LOCALIZE[557])]</visible>
            </control>

            <control type="grouplist" id="657572">
                <posx>36r</posx>
                <posy>75</posy>
                <height>990</height>
                <width>42</width>
                <itemgap>0</itemgap>
                 <orientation>vertical</orientation>
                <animation effect="fade" start="100" end="0" time="400" condition="!Control.HasFocus(657) + !Container.Scrolling">Conditional</animation>
                <include content="AlphabetLetter"><param name="label" value="D" /></include>
                <include content="AlphabetLetter"><param name="label" value="E" /></include>
                <include content="AlphabetLetter"><param name="label" value="F" /></include>
                <include content="AlphabetLetter"><param name="label" value="G" /></include>
                <include content="AlphabetLetter"><param name="label" value="H" /></include>
                <include content="AlphabetLetter"><param name="label" value="I" /></include>
                <include content="AlphabetLetter"><param name="label" value="J" /></include>                
                <include content="AlphabetLetter"><param name="label" value="K" /></include>
                <include content="AlphabetLetter"><param name="label" value="L" /></include>
                <include content="AlphabetLetter"><param name="label" value="M" /></include>
                <include content="AlphabetLetter"><param name="label" value="N" /></include>
                <include content="AlphabetLetter"><param name="label" value="O" /></include>
                <include content="AlphabetLetter"><param name="label" value="P" /></include>
                <include content="AlphabetLetter"><param name="label" value="Q" /></include>
                <include content="AlphabetLetter"><param name="label" value="R" /></include>
                <include content="AlphabetLetter"><param name="label" value="S" /></include>
                <include content="AlphabetLetter"><param name="label" value="T" /></include>
                <include content="AlphabetLetter"><param name="label" value="U" /></include>
                <include content="AlphabetLetter"><param name="label" value="V" /></include>
                <include content="AlphabetLetter"><param name="label" value="W" /></include>
                <include content="AlphabetLetter"><param name="label" value="X" /></include>
                <include content="AlphabetLetter"><param name="label" value="Y" /></include>
                <include content="AlphabetLetter"><param name="label" value="Z" /></include>
                <animation effect="fade" start="100" end="0" condition="![String.IsEqual(ListItem.SortLetter,O) | String.IsEqual(ListItem.SortLetter,P) | String.IsEqual(ListItem.SortLetter,Q) | String.IsEqual(ListItem.SortLetter,R) | String.IsEqual(ListItem.SortLetter,S) | String.IsEqual(ListItem.SortLetter,T) | String.IsEqual(ListItem.SortLetter,U) | String.IsEqual(ListItem.SortLetter,V) | String.IsEqual(ListItem.SortLetter,W) | String.IsEqual(ListItem.SortLetter,X) | String.IsEqual(ListItem.SortLetter,Y) | String.IsEqual(ListItem.SortLetter,Z)]">Conditional</animation>
                <visible>Control.IsVisible(57)</visible>
                <visible>Skin.HasSetting(Show.JumpToLetter) + !Skin.HasSetting(Show.EHJumpToLetter) + [String.IsEqual(Container.SortMethod,$LOCALIZE[551]) | String.IsEqual(Container.SortMethod,$LOCALIZE[556]) | String.IsEqual(Container.SortMethod,$LOCALIZE[561]) | String.IsEqual(Container.SortMethod,$LOCALIZE[558]) | String.IsEqual(Container.SortMethod,$LOCALIZE[557])]</visible>
            </control>
			
			<include content="TouchButtons">
		        <param name="ButtonsTop">990</param>
			    <param name="id">57</param>
				<param name="left">1440</param>
			    <param name="visibility">!Skin.HasSetting(57_SingleColumn)</param>
		    </include>
				
			<include content="TouchButtons">
		        <param name="ButtonsTop">990</param>
			    <param name="id">57</param>
				<param name="left">1520</param>
				<param name="visibility">Skin.HasSetting(57_SingleColumn)</param>
		    </include>

        </control>			
        
    </include>
</includes>
