<?xml version="1.0" encoding="UTF-8"?>
<window>
	<defaultcontrol always="true">9000</defaultcontrol>
	<animation effect="fade" time="200">WindowOpen</animation>
	<animation effect="fade" time="150">WindowClose</animation>
	<controls>
		<control type="image">
			<width>1920</width>
			<height>1080</height>
			<texture>img/BlackDot.png</texture>
			<aspectratio>scale</aspectratio>
		</control>
		<control type="image">
			<width>1920</width>
			<height>1080</height>
			<texture background="true">$VAR[MusicInfoBackground]</texture>
			<aspectratio>scale</aspectratio>
		</control>
		<include content="BackgroundOverlay">
			<param name="parentid" value="9000"/>
		</include>
		<include content="ShadowedImage">
			<param name="top">24</param>
			<param name="left">24</param>
			<param name="width">619</param>
			<param name="height">960</param>
			<param name="shadowoffset">16</param>
			<param name="texture">$INFO[ListItem.Icon]</param>
		</include>
		<control type="group" description="Media Info">
			<control type="group" description="top">
				<posx>700</posx>
				<posy>-7</posy>
				<control type="label" description="Main Label">
					<posy>15</posy>
					<width>1180</width>
					<height>60</height>
					<font>InfoTitle</font>
					<textcolor>$VAR[HighlightColor]</textcolor>
					<align>left</align>
					<label>$VAR[MusicInfoHeader]</label>
				</control>
				<control type="image" description="Line Split">
					<posy>83</posy>
					<width>1180</width>
					<height>1</height>
					<texture>img/LineL.png</texture>
					<aspectratio>stretch</aspectratio>
				</control>
				<control type="textbox" description="Plot">
					<include>VisibleFadeEffectDelay</include>
					<posy>90</posy>
                    <left>5</left>              
					<width>620</width>
					<height>435</height>
					<align>justify</align>
					<font>InfoPlot</font>
					<label fallback="19055">$VAR[Plots]</label>
				</control>
                <control type="radiobutton" id="90003">
                    <posy>525</posy>
                    <left>588.3</left>
                    <onright>9009</onright>
                    <ondown>9000</ondown>
                    <align>center</align>
                    <aligny>center</aligny>
                    <textureradioonfocus colordiffuse="$VAR[FocusedTextColor]">icons/dots7.png</textureradioonfocus>
                    <textureradioonnofocus>icons/dots7.png</textureradioonnofocus>
                    <texturefocus border="4" colordiffuse="$VAR[HighlightColor]">img/WhiteRoundedST2.png</texturefocus>
                    <texturenofocus border="4">img/WhiteRoundedT.png</texturenofocus>
                    <width>37</width>
                    <height>17</height>
                    <radiowidth>37</radiowidth>
                    <radioheight>37</radioheight>
                    <radioposx>0.1</radioposx>
                    <radioposy>0</radioposy>
                    <font></font>
                    <selected>true</selected>
                    <onclick>SetProperty(TextViewerHeader,$ESCVAR[MusicInfoHeader],Home)</onclick>
                    <onclick>SetProperty(TextViewerContent,$ESCVAR[Plots],Home)</onclick>
                    <onclick>ActivateWindow(1124)</onclick>
                </control>
                <control type="image" description="Line Split">
                    <posy>90</posy>
                    <left>637</left>
                    <width>1</width>
                    <height>452</height>
                    <texture>img/LineL.png</texture>
                    <aspectratio>stretch</aspectratio>
                </control>                                       
				<control type="panel" id="9009">
					<include>VisibleFadeEffectDelay</include>
					<include>List_9009_Commons</include>
                    <onup>9009</onup>
                    <ondown>9009</ondown>
                    <onleft>90003</onleft>
					<content>
						<item>
							<label>$LOCALIZE[557]:</label>
							<label2>$INFO[ListItem.Artist]</label2>
							<onclick>noop</onclick>
							<visible>!String.IsEmpty(ListItem.Artist) + !Container.Content(artists)</visible>
						</item>
						<item>
							<label>$LOCALIZE[558]:</label>
							<label2>$INFO[ListItem.Album]</label2>
							<onclick>noop</onclick>
							<visible>!String.IsEmpty(ListItem.Album)</visible>
						</item>
						<item>
							<label>$LOCALIZE[562]:</label>
							<label2>$INFO[ListItem.Year]</label2>
							<onclick>noop</onclick>
							<visible>!String.IsEmpty(ListItem.Year)</visible>
						</item>
						<item>
							<label>$LOCALIZE[38018]:</label>
							<label2>$INFO[ListItem.UserRating]</label2>
							<onclick>noop</onclick>
							<visible>!String.IsEmpty(ListItem.UserRating)</visible>
						</item>
						<item>
							<label>$LOCALIZE[563]:</label>
							<label2>$INFO[ListItem.RatingAndVotes]</label2>
							<onclick>noop</onclick>
							<visible>!String.IsEmpty(ListItem.RatingAndVotes)</visible>
						</item>
						<item>
							<label>$LOCALIZE[175]:</label>
							<label2>$INFO[ListItem.Property(Album_Mood)]</label2>
							<onclick>noop</onclick>
							<visible>!String.IsEmpty(ListItem.Property(Album_Mood))</visible>
						</item>
						<item>
							<label>$LOCALIZE[176]:</label>
							<label2>$INFO[ListItem.Property(Album_Style)]</label2>
							<onclick>noop</onclick>
							<visible>!String.IsEmpty(ListItem.Property(Album_Style))</visible>
						</item>
						<item>
							<label>$LOCALIZE[21895]:</label>
							<label2>$INFO[ListItem.Property(Album_Theme)]</label2>
							<onclick>noop</onclick>
							<visible>!String.IsEmpty(ListItem.Property(Album_Theme))</visible>
						</item>
						<item>
							<label>$LOCALIZE[146]:</label>
							<label2>$INFO[ListItem.Property(Album_Type)]</label2>
							<onclick>noop</onclick>
							<visible>!String.IsEmpty(ListItem.Property(Album_Type))</visible>
						</item>
						<item>
							<label>$LOCALIZE[21899]:</label>
							<label2>$INFO[ListItem.Property(Album_Label)]</label2>
							<onclick>noop</onclick>
							<visible>!String.IsEmpty(ListItem.Property(Album_Label))</visible>
						</item>
						<item>
							<label>$LOCALIZE[21893]:</label>
							<label2>$INFO[ListItem.Property(Artist_Born)]</label2>
							<onclick>noop</onclick>
							<visible>!String.IsEmpty(ListItem.Property(Artist_Born))</visible>
						</item>
						<item>
							<label>$LOCALIZE[21894]:</label>
							<label2>$INFO[ListItem.Property(Artist_Formed)]</label2>
							<onclick>noop</onclick>
							<visible>!String.IsEmpty(ListItem.Property(Artist_Formed))</visible>
						</item>
						<item>
							<label>$LOCALIZE[515]:</label>
							<label2>$INFO[ListItem.Genre]</label2>
							<onclick>noop</onclick>
							<visible>!String.IsEmpty(ListItem.Genre)</visible>
						</item>
						<item>
							<label>$LOCALIZE[175]:</label>
							<label2>$INFO[ListItem.Property(Artist_Mood)]</label2>
							<onclick>noop</onclick>
							<visible>!String.IsEmpty(ListItem.Property(Artist_Mood))</visible>
						</item>
						<item>
							<label>$LOCALIZE[176]:</label>
							<label2>$INFO[ListItem.Property(Artist_Style)]</label2>
							<onclick>noop</onclick>
							<visible>!String.IsEmpty(ListItem.Property(Artist_Style))</visible>
						</item>
						<item>
							<label>$LOCALIZE[21892]:</label>
							<label2>$INFO[ListItem.Property(Artist_Instrument)]</label2>
							<onclick>noop</onclick>
							<visible>!String.IsEmpty(ListItem.Property(Artist_Instrument))</visible>
						</item>
						<item>
							<label>$LOCALIZE[21897]:</label>
							<label2>$INFO[ListItem.Property(Artist_Died)]</label2>
							<onclick>noop</onclick>
							<visible>!String.IsEmpty(ListItem.Property(Artist_Died))</visible>
						</item>
						<item>
							<label>$LOCALIZE[21896]:</label>
							<label2>$INFO[ListItem.Property(Artist_Disbanded)]</label2>
							<onclick>noop</onclick>
							<visible>!String.IsEmpty(ListItem.Property(Artist_Disbanded))</visible>
						</item>
						<item>
							<label>$LOCALIZE[21898]:</label>
							<label2>$INFO[ListItem.Property(Artist_YearsActive)]</label2>
							<onclick>noop</onclick>
							<visible>!String.IsEmpty(ListItem.Property(Artist_YearsActive))</visible>
						</item>
						<item>
							<label>$LOCALIZE[562]:</label>
							<label2>$INFO[ListItem.Property(ListItem.Year)]</label2>
							<onclick>noop</onclick>
							<visible>!String.IsEmpty(ListItem.Property(ListItem.Year))</visible>
						</item>
						<item>
							<label>$LOCALIZE[554]:</label>
							<label2>$INFO[ListItem.Property(ListItem.TrackNumber)]</label2>
							<onclick>noop</onclick>
							<visible>!String.IsEmpty(ListItem.Property(ListItem.TrackNumber))</visible>
						</item>
						<item>
							<label>$LOCALIZE[573]:</label>
							<label2>$INFO[ListItem.Path]</label2>
							<onclick>noop</onclick>
							<visible>!String.IsEmpty(ListItem.Path)</visible>
						</item>
					</content>
				</control>
			</control>
		</control>
		<control type="grouplist" id="9000">
			<left>700</left>
			<posy>550</posy>
			<width>1210</width>
			<height>90</height>
			<align>center</align>
			<onup>90003</onup>
			<ondown>50</ondown>
			<orientation>horizontal</orientation>
			<itemgap>16</itemgap>
			<control type="button" id="7" description="Rating">
				<height>90</height>
				<width min="190">auto</width>
				<font>Details</font>
				<align>center</align>
				<label>$LOCALIZE[31033]</label>
				<visible>String.IsEqual(ListItem.DBType,album) | String.IsEqual(ListItem.DBType,song)</visible>
			</control>
			<control type="button" id="6" description="Refresh">
				<height>90</height>
				<width min="190">auto</width>
				<ondown>50</ondown>
				<align>center</align>
				<font>Details</font>
				<label>$LOCALIZE[184]</label>
                <visible>!Skin.HasSetting(KioskMode.Enabled)</visible>
			</control>
			<control type="button" id="10" description="Get Thumb">
				<height>90</height>
				<width min="190">auto</width>
				<ondown>50</ondown>
				<align>center</align>
				<font>Details</font>
				<label>$LOCALIZE[13405]</label>
			</control>
			<control type="button" id="12" description="Get Fanart">
				<height>90</height>
				<width min="190">auto</width>
				<align>center</align>
				<font>Details</font>
				<label>$LOCALIZE[20413]</label>
			</control>
			<control type="button" id="297" description="AB: Choose Art">
				<height>90</height>
				<width min="220">auto</width>
				<align>center</align>
				<font>Details</font>
				<label>$LOCALIZE[32005]</label>
				<visible>[String.IsEqual(ListItem.DBType,artist) | String.IsEqual(ListItem.DBType,album) | String.IsEqual(ListItem.DBType,song)] + system.hasaddon(script.artwork.beef)</visible>
				<onclick condition="String.IsEqual(ListItem.DBType,artist)">XBMC.RunScript(script.artwork.beef, mode=gui, mediatype=artist, dbid=$INFO[ListItem.DBID])</onclick>
				<onclick condition="String.IsEqual(ListItem.DBType,album)">XBMC.RunScript(script.artwork.beef, mode=gui, mediatype=album, dbid=$INFO[ListItem.DBID])</onclick>
				<onclick condition="String.IsEqual(ListItem.DBType,song)">XBMC.RunScript(script.artwork.beef, mode=gui, mediatype=song, dbid=$INFO[ListItem.DBID])</onclick>
                <visible>!Skin.HasSetting(KioskMode.Enabled)</visible>
			</control>
			<control type="button" id="298" description="AB: All Art">
				<height>90</height>
				<width min="220">auto</width>
				<align>center</align>
				<font>Details</font>
				<label>$LOCALIZE[32006]</label>
				<visible>[String.IsEqual(ListItem.DBType,artist) | String.IsEqual(ListItem.DBType,album) | String.IsEqual(ListItem.DBType,song)] + system.hasaddon(script.artwork.beef)</visible>
				<onclick condition="String.IsEqual(ListItem.DBType,artist)">XBMC.RunScript(script.artwork.beef, mode=auto, mediatype=artist, dbid=$INFO[ListItem.DBID])</onclick>
				<onclick condition="String.IsEqual(ListItem.DBType,album)">XBMC.RunScript(script.artwork.beef, mode=auto, mediatype=album, dbid=$INFO[ListItem.DBID])</onclick>
				<onclick condition="String.IsEqual(ListItem.DBType,song)">XBMC.RunScript(script.artwork.beef, mode=auto, mediatype=song, dbid=$INFO[ListItem.DBID])</onclick>
                <visible>!Skin.HasSetting(KioskMode.Enabled)</visible>				
			</control>
            <control type="button" id="296" description="Show Fanart">
				<height>90</height>
				<width min="190">auto</width>
				<align>center</align>
				<font>Details</font>
				<label>$LOCALIZE[32068]</label>
                <onclick>SetProperty(fanart,$ESCINFO[ListItem.Art(fanart)],home)</onclick>
				<onclick condition="Skin.HasSetting(SkinHelper.EnableExtraFanart)">SetProperty(fanart1,$ESCINFO[ListItem.Art(fanart1)],home)</onclick>
                <onclick condition="Skin.HasSetting(SkinHelper.EnableExtraFanart)">SetProperty(fanart2,$ESCINFO[ListItem.Art(fanart2)],home)</onclick>
                <onclick condition="Skin.HasSetting(SkinHelper.EnableExtraFanart)">SetProperty(fanart3,$ESCINFO[ListItem.Art(fanart3)],home)</onclick>
                <onclick condition="Skin.HasSetting(SkinHelper.EnableExtraFanart)">SetProperty(fanart4,$ESCINFO[ListItem.Art(fanart4)],home)</onclick>
                <onclick condition="Skin.HasSetting(SkinHelper.EnableExtraFanart)">SetProperty(fanart5,$ESCINFO[ListItem.Art(fanart5)],home)</onclick>
                <onclick condition="Skin.HasSetting(SkinHelper.EnableExtraFanart)">SetProperty(fanart6,$ESCINFO[ListItem.Art(fanart6)],home)</onclick>
                <onclick condition="Skin.HasSetting(SkinHelper.EnableExtraFanart)">SetProperty(fanart7,$ESCINFO[ListItem.Art(fanart7)],home)</onclick>
                <onclick condition="Skin.HasSetting(SkinHelper.EnableExtraFanart)">SetProperty(fanart8,$ESCINFO[ListItem.Art(fanart8)],home)</onclick>
                <onclick condition="Skin.HasSetting(SkinHelper.EnableExtraFanart)">SetProperty(fanart9,$ESCINFO[ListItem.Art(fanart9)],home)</onclick>
                <onclick condition="Skin.HasSetting(SkinHelper.EnableExtraFanart)">SetProperty(fanart10,$ESCINFO[ListItem.Art(fanart10)],home)</onclick>
                <onclick condition="Skin.HasSetting(SkinHelper.EnableExtraFanart)">SetProperty(fanart11,$ESCINFO[ListItem.Art(fanart11)],home)</onclick>
                <onclick condition="Skin.HasSetting(SkinHelper.EnableExtraFanart)">SetProperty(fanart12,$ESCINFO[ListItem.Art(fanart12)],home)</onclick>
                <onclick condition="Skin.HasSetting(SkinHelper.EnableExtraFanart)">SetProperty(fanart13,$ESCINFO[ListItem.Art(fanart13)],home)</onclick>
                <onclick condition="Skin.HasSetting(SkinHelper.EnableExtraFanart)">SetProperty(fanart14,$ESCINFO[ListItem.Art(fanart14)],home)</onclick>
                <onclick condition="Skin.HasSetting(SkinHelper.EnableExtraFanart)">SetProperty(fanart15,$ESCINFO[ListItem.Art(fanart15)],home)</onclick>
                <onclick condition="Skin.HasSetting(SkinHelper.EnableExtraFanart)">SetProperty(fanart16,$ESCINFO[ListItem.Art(fanart16)],home)</onclick>
                <onclick condition="Skin.HasSetting(SkinHelper.EnableExtraFanart)">SetProperty(fanart17,$ESCINFO[ListItem.Art(fanart17)],home)</onclick>
                <onclick condition="Skin.HasSetting(SkinHelper.EnableExtraFanart)">SetProperty(fanart18,$ESCINFO[ListItem.Art(fanart18)],home)</onclick>
                <onclick condition="Skin.HasSetting(SkinHelper.EnableExtraFanart)">SetProperty(fanart19,$ESCINFO[ListItem.Art(fanart19)],home)</onclick>
                <onclick condition="Skin.HasSetting(SkinHelper.EnableExtraFanart)">SetProperty(fanart20,$ESCINFO[ListItem.Art(fanart20)],home)</onclick>
                <onclick>ActivateWindow(1126)</onclick>
                <visible>!String.IsEmpty(ListItem.Art(fanart))</visible>
			</control>			
		</control>
		<control type="panel" id="50">
			<include>VisibleFadeEffectDelay</include>
			<posx>700</posx>
			<posy>660</posy>
			<width>1180</width>
			<height>410</height>
			<onleft>50</onleft>
			<onright>50</onright>
			<onup>9000</onup>
			<ondown>9000</ondown>
			<scrolltime>200</scrolltime>
			<orientation>horizontal</orientation>
			<itemlayout height="62" width="590" condition="Container.Content(albums)">
				<control type="label">
					<font>Details</font>
					<align>left</align>
					<aligny>center</aligny>
					<textcolor>$VAR[LabelTextColor]</textcolor>
					<label>$INFO[ListItem.TrackNumber,,. ]$INFO[ListItem.Title]$INFO[ListItem.Duration, • (,)]</label>
					<textoffsetx>8</textoffsetx>
					<scroll>false</scroll>
                    <visible>!Skin.HasSetting(Enable.HourMinutes)</visible>
				</control>
                <control type="label">
					<font>Details</font>
					<align>left</align>
					<aligny>center</aligny>
					<textcolor>$VAR[LabelTextColor]</textcolor>
					<label>$INFO[ListItem.TrackNumber,,. ]$INFO[ListItem.Title]$VAR[ItemDurationHrMins, • (,)]</label>
					<textoffsetx>8</textoffsetx>
					<scroll>false</scroll>
                    <visible>Skin.HasSetting(Enable.HourMinutes)</visible>
				</control>
			</itemlayout>
			<focusedlayout height="62" width="590" condition="Container.Content(albums)">
				<control type="image">
					<texture colordiffuse="$VAR[HighlightColor]">img/WhiteRoundedST2.png</texture>
				</control>
				<control type="label">
					<font>Details</font>
					<align>left</align>
					<aligny>center</aligny>
					<textcolor>$VAR[FocusedTextColor]</textcolor>
					<shadowcolor></shadowcolor>
					<textoffsetx>8</textoffsetx>
					<label>$INFO[ListItem.TrackNumber,,. ]$INFO[ListItem.Title]$INFO[ListItem.Duration, • (,)]</label>
                    <visible>!Skin.HasSetting(Enable.HourMinutes)</visible>
				</control>
                <control type="label">
					<font>Details</font>
					<align>left</align>
					<aligny>center</aligny>
					<textcolor>$VAR[FocusedTextColor]</textcolor>
					<shadowcolor></shadowcolor>
					<textoffsetx>8</textoffsetx>
					<label>$INFO[ListItem.TrackNumber,,. ]$INFO[ListItem.Title]$VAR[ItemDurationHrMins, • (,)]</label>
                    <visible>Skin.HasSetting(Enable.HourMinutes)</visible>
				</control>
			</focusedlayout>
			<itemlayout height="62" width="590" condition="Container.Content(songs)">
				<control type="label">
					<font>Details</font>
					<align>left</align>
					<aligny>center</aligny>
					<textcolor>$VAR[LabelTextColor]</textcolor>
					<label>$INFO[ListItem.Label,,: ]$INFO[ListItem.Label2]</label>
					<textoffsetx>8</textoffsetx>
					<scroll>false</scroll>
				</control>
			</itemlayout>
			<focusedlayout height="62" width="590" condition="Container.Content(songs)">
				<control type="image">
					<texture colordiffuse="$VAR[HighlightColor]">img/WhiteRoundedST2.png</texture>
				</control>
				<control type="label">
					<font>Details</font>
					<align>left</align>
					<aligny>center</aligny>
					<textcolor>$VAR[FocusedTextColor]</textcolor>
					<shadowcolor></shadowcolor>
					<textoffsetx>8</textoffsetx>
					<label>$INFO[ListItem.Label,,. ]$INFO[ListItem.Label2]</label>
				</control>
			</focusedlayout>
			<include content="Info_Albums">
				<param name="viewid">50</param>
			</include>
		</control>
	</controls>
</window>
