<?xml version="1.0" encoding="UTF-8"?>
<window>
	<defaultcontrol always="true">101</defaultcontrol>
    <onload condition="!Player.PauseEnabled">SetFocus(603)</onload>
	<onload condition="Player.PauseEnabled">SetFocus(602)</onload>
	<onload>Dialog.Close(fullscreeninfo)</onload>
	<onunload>ClearProperty(PopupMenuActive,Home)</onunload>
	<onunload>ClearProperty(PopupMenu2Active,Home)</onunload>
	<include>OSDFade</include>
	<controls>
	
	    <!-- Hidden List to Show Video Info Dialog on info button, uses service.library.data.provider -->
		<include condition="Skin.HasSetting(InfoOpensVideoInfo) + [VideoPlayer.Content(movies) | VideoPlayer.Content(episodes)] + !String.IsEmpty(VideoPlayer.DBID)">VideoOSDInfoButtonList</include>
		
		<control type="button" id="99220">
            <top>-1000</top>
            <left>-1000</left>
            <width>1</width>
            <height>1</height>
			<texturefocus />
            <texturenofocus />
            <font />
			<visible allowhiddenfocus="true">False</visible>
            <onfocus>SetFocus(603)</onfocus>
            <onfocus condition="Window.IsVisible(videoosd)">Action(Close)</onfocus>
        </control>
		
		<control type="slider">
			<left>30</left>
			<include condition="Skin.HasSetting(enable.bottomseekbar)">LowerOSDSlider</include>
			<include condition="!Skin.HasSetting(enable.bottomseekbar)">RegularOSDSlider</include>
			<width>1570</width>
			<height>36</height>
			<onup>noop</onup>
			<ondown>100</ondown>
			<info>Player.Progress</info>
			<action>seek</action>
			<texturesliderbar/>
            <textureslidernib/>
            <textureslidernibfocus/>
<!--			<texturesliderbar>OSD/seekslider.png</texturesliderbar>
			<textureslidernib>OSD/ScrollbarNibNF.png</textureslidernib>
			<textureslidernibfocus colordiffuse="$VAR[HighlightColor]">OSD/ScrollbarNibFO.png</textureslidernibfocus> -->
			<visible>Player.SeekEnabled + ![$EXP[showCompactSeekBar]] + !Skin.HasSetting(UseUltraCompactOSD)</visible>
		</control>
		
		<control type="slider">
			<left>30</left>
			<include>LowerOSDSlider</include>
			<width>1570</width>
			<height>36</height>
			<onup>noop</onup>
			<ondown>100</ondown>
			<info>Player.Progress</info>
			<action>seek</action>
			<texturesliderbar/>
            <textureslidernib/>
            <textureslidernibfocus/>
<!--			<texturesliderbar>OSD/seekslider.png</texturesliderbar>
			<textureslidernib>OSD/ScrollbarNibNF.png</textureslidernib>
			<textureslidernibfocus colordiffuse="$VAR[HighlightColor]">OSD/ScrollbarNibFO.png</textureslidernibfocus> -->
			<visible>Player.SeekEnabled + $EXP[showCompactSeekBar] + !Skin.HasSetting(UseUltraCompactOSD)</visible>
		</control>
		
		<control type="group">
			<visible>![Window.IsVisible(SliderDialog) | Window.IsVisible(OSDVideoSettings) | Window.IsVisible(OSDAudioSettings) | Window.IsVisible(VideoBookmarks) | Window.IsVisible(PVROSDChannels) | Window.IsVisible(PVRChannelGuide) | Window.IsVisible(playerprocessinfo) | Window.IsActive(osdcmssettings)]</visible>
			<include condition="!Skin.HasSetting(UseCompactOSD) + !Skin.HasSetting(UseUltraCompactOSD)">StandardOSDButtons</include>
			<include condition="Skin.HasSetting(UseCompactOSD)">CompactOSDButtons</include>
			<include condition="Skin.HasSetting(UseUltraCompactOSD)">UltraCompactOSDButtons</include>
		</control>
		
	</controls>
</window>
