<?xml version="1.0" encoding="UTF-8"?>
<includes>
	<!-- Custom Select -->
    <!-- Video Info Extras Button Items -->
    <include name="SelectVideoInfoExtras">
		<item>
			<label>$LOCALIZE[13511]</label>
            <onclick>Dialog.Close(1121)</onclick>
            <onclick>SendClick(movieinformation,10)</onclick>
            <visible>!Skin.HasSetting(KioskMode.Enabled)</visible>
            <visible>[!String.IsEmpty(Listitem.DBID) + String.IsEmpty(ListItem.Property(tmdb_id))] | [!String.IsEmpty(Window(Home).Property(InfoExtrasDBID)) + !String.IsEmpty(Window(Home).Property(InfoExtrasDBType))]</visible>
		</item>
        <item>
			<label>$LOCALIZE[32005]</label>
            <onclick>Dialog.Close(1121)</onclick>
            <onclick condition="[String.IsEqual(ListItem.DBType,episode) | String.IsEqual(Window(Home).Property(InfoExtrasDBType),episode)]">XBMC.RunScript(script.artwork.beef, mode=gui, mediatype=episode, dbid=$INFO[Window(Home).Property(InfoExtrasDBID)])</onclick>
            <onclick condition="[String.IsEqual(ListItem.DBType,tvshow) | String.IsEqual(Window(Home).Property(InfoExtrasDBType),tvshow)]">XBMC.RunScript(script.artwork.beef, mode=gui, mediatype=tvshow, dbid=$INFO[Window(Home).Property(InfoExtrasDBID)])</onclick>
            <onclick condition="[String.IsEqual(ListItem.DBType,movie) | String.IsEqual(Window(Home).Property(InfoExtrasDBType),movie)]">XBMC.RunScript(script.artwork.beef, mode=gui, mediatype=movie, dbid=$INFO[Window(Home).Property(InfoExtrasDBID)])</onclick>
            <onclick condition="[String.IsEqual(ListItem.DBType,set) | String.IsEqual(Window(Home).Property(InfoExtrasDBType),set)]">XBMC.RunScript(script.artwork.beef, mode=gui, mediatype=set, dbid=$INFO[Window(Home).Property(InfoExtrasDBID)])</onclick>
            <onclick condition="[String.IsEqual(ListItem.DBType,musicvideo) | String.IsEqual(Window(Home).Property(InfoExtrasDBType),musicvideo)]">XBMC.RunScript(script.artwork.beef, mode=gui, mediatype=musicvideo, dbid=$INFO[Window(Home).Property(InfoExtrasDBID)])</onclick>
            <visible>!Skin.HasSetting(KioskMode.Enabled)</visible>
            <visible>System.HasAddon(script.artwork.beef) + [[!String.IsEmpty(Listitem.DBID) + String.IsEmpty(ListItem.Property(tmdb_id))] | 
                     [!String.IsEmpty(Window(Home).Property(InfoExtrasDBID)) + !String.IsEmpty(Window(Home).Property(InfoExtrasDBType))]] 
            </visible>
		</item>
		<item>
			<label>$LOCALIZE[32006]</label>
            <onclick>Dialog.Close(1121)</onclick>
            <onclick condition="[String.IsEqual(ListItem.DBType,episode) | String.IsEqual(Window(Home).Property(InfoExtrasDBType),episode)]">XBMC.RunScript(script.artwork.beef, mode=auto, mediatype=episode, dbid=$INFO[Window(Home).Property(InfoExtrasDBID)])</onclick>
            <onclick condition="[String.IsEqual(ListItem.DBType,tvshow) | String.IsEqual(Window(Home).Property(InfoExtrasDBType),tvshow)]">XBMC.RunScript(script.artwork.beef, mode=auto, mediatype=tvshow, dbid=$INFO[Window(Home).Property(InfoExtrasDBID)])</onclick>
            <onclick condition="[String.IsEqual(ListItem.DBType,movie) | String.IsEqual(Window(Home).Property(InfoExtrasDBType),movie)]">XBMC.RunScript(script.artwork.beef, mode=auto, mediatype=movie, dbid=$INFO[Window(Home).Property(InfoExtrasDBID)])</onclick>
            <onclick condition="[String.IsEqual(ListItem.DBType,set) | String.IsEqual(Window(Home).Property(InfoExtrasDBType),set)]">XBMC.RunScript(script.artwork.beef, mode=auto, mediatype=set, dbid=$INFO[Window(Home).Property(InfoExtrasDBID)])</onclick>
            <onclick condition="[String.IsEqual(ListItem.DBType,musicvideo) | String.IsEqual(Window(Home).Property(InfoExtrasDBType),musicvideo)]">XBMC.RunScript(script.artwork.beef, mode=auto, mediatype=musicvideo, dbid=$INFO[Window(Home).Property(InfoExtrasDBID)])</onclick>
            <visible>!Skin.HasSetting(KioskMode.Enabled)</visible>
            <visible>System.HasAddon(script.artwork.beef) + [[!String.IsEmpty(Listitem.DBID) + String.IsEmpty(ListItem.Property(tmdb_id))] | 
                     [!String.IsEmpty(Window(Home).Property(InfoExtrasDBID)) + !String.IsEmpty(Window(Home).Property(InfoExtrasDBType))]] 
            </visible>
		</item>
        <item>
			<label>$LOCALIZE[32068]</label>
            <onclick>Dialog.Close(1121)</onclick>
            <onclick>ActivateWindow(1126)</onclick>
            <visible>!String.IsEmpty(Window(Home).Property(fanart))</visible>
		</item>
        <item>
			<label>$LOCALIZE[32167]</label>
            <onclick>Dialog.Close(1121)</onclick>
            <onclick>XBMC.RunScript(script.metadata.editor,dbid=$INFO[Window(Home).Property(InfoExtrasDBID)],type=$INFO[Window(Home).Property(InfoExtrasDBType)])</onclick>
            <visible>!Skin.HasSetting(KioskMode.Enabled)</visible>
            <visible>System.HasAddon(script.metadata.editor) + [!String.IsEmpty(Window(Home).Property(InfoExtrasDBID)) + !String.IsEmpty(Window(Home).Property(InfoExtrasDBType))]
            </visible>
		</item>
		<item>
			<visible>System.HasAddon(script.cinemavision) + $EXP[IsProperDBType]</visible>
            <label>$LOCALIZE[31005]</label>
            <onclick>Dialog.Close(1121)</onclick>
            <onclick condition="!String.IsEmpty(ListItem.DBID)">RunScript(script.cinemavision,dbtype=$INFO[ListItem.DBTYPE],dbid=$INFO[ListItem.DBID]))</onclick>
            <onclick condition="String.IsEmpty(ListItem.DBID) + !String.IsEmpty(Window(Home).Property(InfoExtrasDBID))">RunScript(script.cinemavision,dbtype=$INFO[Window(Home).Property(InfoExtrasDBType)],dbid=$INFO[Window(Home).Property(InfoExtrasDBID)]))</onclick>
            <visible>[!String.IsEmpty(Listitem.DBID) + String.IsEmpty(ListItem.Property(tmdb_id))] | 
                     [!String.IsEmpty(Window(Home).Property(InfoExtrasDBID)) + !String.IsEmpty(Window(Home).Property(InfoExtrasDBType))]</visible>
		</item>
		<item>
			<onclick>Dialog.Close(all,true)</onclick>
			<onclick>ActivateWindow(videos,plugin://plugin.video.youtube/search/?q=$INFO[Window(Home).Property(InfoExtrasTitle)],return)</onclick>
			<label>$LOCALIZE[137] $INFO[System.AddonTitle(plugin.video.youtube)]</label>
			<visible>System.HasAddon(plugin.video.youtube)</visible>
		</item>
	</include>
	
	<!-- Music Info Extras Button Items -->
    <include name="SelectMusicInfoExtras">
		<item>
			<label>$LOCALIZE[13511]</label>
            <onclick>Dialog.Close(1121)</onclick>
            <onclick>SendClick(musicinformation,10)</onclick>
            <visible>!Skin.HasSetting(KioskMode.Enabled)</visible>
            <visible>!String.IsEmpty(Listitem.DBID) | [!String.IsEmpty(Window(Home).Property(InfoExtrasDBID)) + !String.IsEmpty(Window(Home).Property(InfoExtrasDBType))]</visible>
		</item>
        <item>
			<label>$LOCALIZE[32005]</label>
            <onclick>Dialog.Close(1121)</onclick>
            <onclick condition="[String.IsEqual(ListItem.DBType,artist) | String.IsEqual(Window(Home).Property(InfoExtrasDBType),artist)]">RunScript(script.artwork.beef, mode=gui, mediatype=artist, dbid=$INFO[Window(Home).Property(InfoExtrasDBID)])</onclick>
            <onclick condition="[String.IsEqual(ListItem.DBType,album) | String.IsEqual(Window(Home).Property(InfoExtrasDBType),album)]">RunScript(script.artwork.beef, mode=gui, mediatype=album, dbid=$INFO[Window(Home).Property(InfoExtrasDBID)])</onclick>
            <onclick condition="[String.IsEqual(ListItem.DBType,song) | String.IsEqual(Window(Home).Property(InfoExtrasDBType),song)]">RunScript(script.artwork.beef, mode=gui, mediatype=song, dbid=$INFO[Window(Home).Property(InfoExtrasDBID)])</onclick>
            <visible>!Skin.HasSetting(KioskMode.Enabled)</visible>
            <visible>System.HasAddon(script.artwork.beef) + [!String.IsEmpty(Listitem.DBID) | 
                     [!String.IsEmpty(Window(Home).Property(InfoExtrasDBID)) + !String.IsEmpty(Window(Home).Property(InfoExtrasDBType))]] 
            </visible>
		</item>
		<item>
			<label>$LOCALIZE[32006]</label>
            <onclick>Dialog.Close(1121)</onclick>
            <onclick condition="[String.IsEqual(ListItem.DBType,artist) | String.IsEqual(Window(Home).Property(InfoExtrasDBType),artist)]">RunScript(script.artwork.beef, mode=auto, mediatype=artist, dbid=$INFO[Window(Home).Property(InfoExtrasDBID)])</onclick>
            <onclick condition="[String.IsEqual(ListItem.DBType,album) | String.IsEqual(Window(Home).Property(InfoExtrasDBType),album)]">RunScript(script.artwork.beef, mode=auto, mediatype=album, dbid=$INFO[Window(Home).Property(InfoExtrasDBID)])</onclick>
            <onclick condition="[String.IsEqual(ListItem.DBType,song) | String.IsEqual(Window(Home).Property(InfoExtrasDBType),song)]">RunScript(script.artwork.beef, mode=auto, mediatype=song, dbid=$INFO[Window(Home).Property(InfoExtrasDBID)])</onclick>
            <visible>!Skin.HasSetting(KioskMode.Enabled)</visible>
            <visible>System.HasAddon(script.artwork.beef) + [!String.IsEmpty(Listitem.DBID) | 
                     [!String.IsEmpty(Window(Home).Property(InfoExtrasDBID)) + !String.IsEmpty(Window(Home).Property(InfoExtrasDBType))]] 
            </visible>
		</item>
        <item>
			<label>$LOCALIZE[32068]</label>
            <onclick>Dialog.Close(1121)</onclick>
            <onclick>ActivateWindow(1126)</onclick>
            <visible>!String.IsEmpty(Window(Home).Property(fanart))</visible>
		</item>
        <item>
			<label>$LOCALIZE[32167]</label>
            <onclick>Dialog.Close(1121)</onclick>
            <onclick>XBMC.RunScript(script.metadata.editor,dbid=$INFO[Window(Home).Property(InfoExtrasDBID)],type=$INFO[Window(Home).Property(InfoExtrasDBType)])</onclick>
            <visible>!Skin.HasSetting(KioskMode.Enabled)</visible>
            <visible>System.HasAddon(script.metadata.editor) + [!String.IsEmpty(Window(Home).Property(InfoExtrasDBID)) + !String.IsEmpty(Window(Home).Property(InfoExtrasDBType))]
            </visible>
		</item>
		<item>
			<onclick>Dialog.Close(all,true)</onclick>
			<onclick>ActivateWindow(videos,plugin://plugin.video.youtube/search/?q=$INFO[Window(Home).Property(InfoExtrasArtist)],return)</onclick>
			<label>$LOCALIZE[137] $INFO[System.AddonTitle(plugin.video.youtube)]</label>
			<visible>System.HasAddon(plugin.video.youtube)</visible>
		</item>
	</include>
    
    <!-- Select delay in seconds to rotate fanart on home screen -->
	<include name="SelectFanartTimePerImage">
		<item>
			<label>5 $LOCALIZE[32047]</label>
			<onclick>Dialog.Close(1121)</onclick>
			<onclick>Skin.SetString(FanartTimePerImage,5)</onclick>
		</item>
		<item>
			<label>6 $LOCALIZE[32047]</label>
			<onclick>Dialog.Close(1121)</onclick>
			<onclick>Skin.SetString(FanartTimePerImage,6)</onclick>
		</item>
		<item>
			<label>7 $LOCALIZE[32047]</label>
			<onclick>Dialog.Close(1121)</onclick>
			<onclick>Skin.Reset(FanartTimePerImage)</onclick>
		</item>
		<item>
			<label>8 $LOCALIZE[32047]</label>
			<onclick>Dialog.Close(1121)</onclick>
			<onclick>Skin.SetString(FanartTimePerImage,8)</onclick>
		</item>
		<item>
			<label>9 $LOCALIZE[32047]</label>
			<onclick>Dialog.Close(1121)</onclick>
			<onclick>Skin.SetString(FanartTimePerImage,9)</onclick>
		</item>
		<item>
			<label>10 $LOCALIZE[32047]</label>
			<onclick>Dialog.Close(1121)</onclick>
			<onclick>Skin.SetString(FanartTimePerImage,10)</onclick>
		</item>
		<item>
			<label>15 $LOCALIZE[32047]</label>
			<onclick>Dialog.Close(1121)</onclick>
			<onclick>Skin.SetString(FanartTimePerImage,15)</onclick>
		</item>
		<item>
			<label>20 $LOCALIZE[32047]</label>
			<onclick>Dialog.Close(1121)</onclick>
			<onclick>Skin.SetString(FanartTimePerImage,20)</onclick>
		</item>
		<item>
			<label>30 $LOCALIZE[32047]</label>
			<onclick>Dialog.Close(1121)</onclick>
			<onclick>Skin.SetString(FanartTimePerImage,30)</onclick>
		</item>
		<item>
			<label>60 $LOCALIZE[32047]</label>
			<onclick>Dialog.Close(1121)</onclick>
			<onclick>Skin.SetString(FanartTimePerImage,60)</onclick>
		</item>
		<item>
			<label>90 $LOCALIZE[32047]</label>
			<onclick>Dialog.Close(1121)</onclick>
			<onclick>Skin.SetString(FanartTimePerImage,90)</onclick>
		</item>
	</include>
    <!-- Select default background for the skin: one image, multi-image or reset to skin default -->
	<include name="SelectDefaultBackground">
		<item>
			<label>$LOCALIZE[31113]</label>
			<onclick>Dialog.Close(1121)</onclick>
			<onclick>Skin.SetImage(Default.Background,special://skin/backgrounds)</onclick>
		</item>
		<item>
			<label>$LOCALIZE[31114]</label>
			<onclick>Dialog.Close(1121)</onclick>
			<onclick>Skin.SetPath(Default.Background)</onclick>
		</item>		
        <item>
			<label>$LOCALIZE[15109]</label>
			<onclick>Dialog.Close(1121)</onclick>
			<onclick>Skin.Reset(Default.Background)</onclick>
		</item>
	</include>    
    <!-- Choose up to 25 favorite addons to show in favourite addons widget -->
	<include name="SelectFavouriteAddons">
		<item>
			<label>$LOCALIZE[24000] 1</label>
			<label2>$INFO[Skin.String(ShelfAddons.1.Label)]</label2>
			<onclick>Skin.SetAddon(ShelfAddons.1.Label,xbmc.addon.video,xbmc.addon.audio,xbmc.addon.image,xbmc.addon.game,xbmc.addon.executable)</onclick>
		</item>
		<item>
			<label>$LOCALIZE[24000] 2</label>
			<label2>$INFO[Skin.String(ShelfAddons.2.Label)]</label2>
			<onclick>Skin.SetAddon(ShelfAddons.2.Label,xbmc.addon.video,xbmc.addon.audio,xbmc.addon.image,xbmc.addon.game,xbmc.addon.executable)</onclick>
		</item>
		<item>
			<label>$LOCALIZE[24000] 3</label>
			<label2>$INFO[Skin.String(ShelfAddons.3.Label)]</label2>
			<onclick>Skin.SetAddon(ShelfAddons.3.Label,xbmc.addon.video,xbmc.addon.audio,xbmc.addon.image,xbmc.addon.game,xbmc.addon.executable)</onclick>
		</item>
		<item>
			<label>$LOCALIZE[24000] 4</label>
			<label2>$INFO[Skin.String(ShelfAddons.4.Label)]</label2>
			<onclick>Skin.SetAddon(ShelfAddons.4.Label,xbmc.addon.video,xbmc.addon.audio,xbmc.addon.image,xbmc.addon.game,xbmc.addon.executable)</onclick>
		</item>
		<item>
			<label>$LOCALIZE[24000] 5</label>
			<label2>$INFO[Skin.String(ShelfAddons.5.Label)]</label2>
			<onclick>Skin.SetAddon(ShelfAddons.5.Label,xbmc.addon.video,xbmc.addon.audio,xbmc.addon.image,xbmc.addon.game,xbmc.addon.executable)</onclick>
		</item>
		<item>
			<label>$LOCALIZE[24000] 6</label>
			<label2>$INFO[Skin.String(ShelfAddons.6.Label)]</label2>
			<onclick>Skin.SetAddon(ShelfAddons.6.Label,xbmc.addon.video,xbmc.addon.audio,xbmc.addon.image,xbmc.addon.game,xbmc.addon.executable)</onclick>
		</item>
		<item>
			<label>$LOCALIZE[24000] 7</label>
			<label2>$INFO[Skin.String(ShelfAddons.7.Label)]</label2>
			<onclick>Skin.SetAddon(ShelfAddons.7.Label,xbmc.addon.video,xbmc.addon.audio,xbmc.addon.image,xbmc.addon.game,xbmc.addon.executable)</onclick>
		</item>
		<item>
			<label>$LOCALIZE[24000] 8</label>
			<label2>$INFO[Skin.String(ShelfAddons.8.Label)]</label2>
			<onclick>Skin.SetAddon(ShelfAddons.8.Label,xbmc.addon.video,xbmc.addon.audio,xbmc.addon.image,xbmc.addon.game,xbmc.addon.executable)</onclick>
		</item>
		<item>
			<label>$LOCALIZE[24000] 9</label>
			<label2>$INFO[Skin.String(ShelfAddons.9.Label)]</label2>
			<onclick>Skin.SetAddon(ShelfAddons.9.Label,xbmc.addon.video,xbmc.addon.audio,xbmc.addon.image,xbmc.addon.game,xbmc.addon.executable)</onclick>
		</item>
		<item>
			<label>$LOCALIZE[24000] 10</label>
			<label2>$INFO[Skin.String(ShelfAddons.10.Label)]</label2>
			<onclick>Skin.SetAddon(ShelfAddons.10.Label,xbmc.addon.video,xbmc.addon.audio,xbmc.addon.image,xbmc.addon.game,xbmc.addon.executable)</onclick>
		</item>
		<item>
			<label>$LOCALIZE[24000] 11</label>
			<label2>$INFO[Skin.String(ShelfAddons.11.Label)]</label2>
			<onclick>Skin.SetAddon(ShelfAddons.11.Label,xbmc.addon.video,xbmc.addon.audio,xbmc.addon.image,xbmc.addon.game,xbmc.addon.executable)</onclick>
		</item>
		<item>
			<label>$LOCALIZE[24000] 12</label>
			<label2>$INFO[Skin.String(ShelfAddons.12.Label)]</label2>
			<onclick>Skin.SetAddon(ShelfAddons.12.Label,xbmc.addon.video,xbmc.addon.audio,xbmc.addon.image,xbmc.addon.game,xbmc.addon.executable)</onclick>
		</item>
		<item>
			<label>$LOCALIZE[24000] 13</label>
			<label2>$INFO[Skin.String(ShelfAddons.13.Label)]</label2>
			<onclick>Skin.SetAddon(ShelfAddons.13.Label,xbmc.addon.video,xbmc.addon.audio,xbmc.addon.image,xbmc.addon.game,xbmc.addon.executable)</onclick>
		</item>
		<item>
			<label>$LOCALIZE[24000] 14</label>
			<label2>$INFO[Skin.String(ShelfAddons.14.Label)]</label2>
			<onclick>Skin.SetAddon(ShelfAddons.14.Label,xbmc.addon.video,xbmc.addon.audio,xbmc.addon.image,xbmc.addon.game,xbmc.addon.executable)</onclick>
		</item>
		<item>
			<label>$LOCALIZE[24000] 15</label>
			<label2>$INFO[Skin.String(ShelfAddons.15.Label)]</label2>
			<onclick>Skin.SetAddon(ShelfAddons.15.Label,xbmc.addon.video,xbmc.addon.audio,xbmc.addon.image,xbmc.addon.game,xbmc.addon.executable)</onclick>
		</item>
		<item>
			<label>$LOCALIZE[24000] 16</label>
			<label2>$INFO[Skin.String(ShelfAddons.16.Label)]</label2>
			<onclick>Skin.SetAddon(ShelfAddons.16.Label,xbmc.addon.video,xbmc.addon.audio,xbmc.addon.image,xbmc.addon.game,xbmc.addon.executable)</onclick>
		</item>
		<item>
			<label>$LOCALIZE[24000] 17</label>
			<label2>$INFO[Skin.String(ShelfAddons.17.Label)]</label2>
			<onclick>Skin.SetAddon(ShelfAddons.17.Label,xbmc.addon.video,xbmc.addon.audio,xbmc.addon.image,xbmc.addon.game,xbmc.addon.executable)</onclick>
		</item>
		<item>
			<label>$LOCALIZE[24000] 18</label>
			<label2>$INFO[Skin.String(ShelfAddons.18.Label)]</label2>
			<onclick>Skin.SetAddon(ShelfAddons.18.Label,xbmc.addon.video,xbmc.addon.audio,xbmc.addon.image,xbmc.addon.game,xbmc.addon.executable)</onclick>
		</item>
		<item>
			<label>$LOCALIZE[24000] 19</label>
			<label2>$INFO[Skin.String(ShelfAddons.19.Label)]</label2>
			<onclick>Skin.SetAddon(ShelfAddons.19.Label,xbmc.addon.video,xbmc.addon.audio,xbmc.addon.image,xbmc.addon.game,xbmc.addon.executable)</onclick>
		</item>
		<item>
			<label>$LOCALIZE[24000] 20</label>
			<label2>$INFO[Skin.String(ShelfAddons.20.Label)]</label2>
			<onclick>Skin.SetAddon(ShelfAddons.20.Label,xbmc.addon.video,xbmc.addon.audio,xbmc.addon.image,xbmc.addon.game,xbmc.addon.executable)</onclick>
		</item>
		<item>
			<label>$LOCALIZE[24000] 21</label>
			<label2>$INFO[Skin.String(ShelfAddons.21.Label)]</label2>
			<onclick>Skin.SetAddon(ShelfAddons.21.Label,xbmc.addon.video,xbmc.addon.audio,xbmc.addon.image,xbmc.addon.game,xbmc.addon.executable)</onclick>
		</item>
		<item>
			<label>$LOCALIZE[24000] 22</label>
			<label2>$INFO[Skin.String(ShelfAddons.22.Label)]</label2>
			<onclick>Skin.SetAddon(ShelfAddons.22.Label,xbmc.addon.video,xbmc.addon.audio,xbmc.addon.image,xbmc.addon.game,xbmc.addon.executable)</onclick>
		</item>
		<item>
			<label>$LOCALIZE[24000] 23</label>
			<label2>$INFO[Skin.String(ShelfAddons.23.Label)]</label2>
			<onclick>Skin.SetAddon(ShelfAddons.23.Label,xbmc.addon.video,xbmc.addon.audio,xbmc.addon.image,xbmc.addon.game,xbmc.addon.executable)</onclick>
		</item>
		<item>
			<label>$LOCALIZE[24000] 24</label>
			<label2>$INFO[Skin.String(ShelfAddons.24.Label)]</label2>
			<onclick>Skin.SetAddon(ShelfAddons.24.Label,xbmc.addon.video,xbmc.addon.audio,xbmc.addon.image,xbmc.addon.game,xbmc.addon.executable)</onclick>
		</item>
		<item>
			<label>$LOCALIZE[24000] 25</label>
			<label2>$INFO[Skin.String(ShelfAddons.25.Label)]</label2>
			<onclick>Skin.SetAddon(ShelfAddons.25.Label,xbmc.addon.video,xbmc.addon.audio,xbmc.addon.image,xbmc.addon.game,xbmc.addon.executable)</onclick>
		</item>
	</include>

</includes>