<?xml version="1.0" encoding="UTF-8"?>
<window>
	<defaultcontrol always="true">50</defaultcontrol>
	<views>50</views>
	<controls>
		<include>DefaultBackground</include>
		<include content="BackgroundOverlay">
			<param name="parentid" value="50"/>
		</include>
		<include>Time</include>
		<control type="group">
			<include>OpenClose</include>
			<include>MiniVideoWindow</include>
			<control type="list" id="50" description="CHANNELS">
				<posx>960</posx>
				<posy>60</posy>
				<width>930</width>
				<height>990</height>
				<onleft condition="!Skin.HasSetting(KioskMode.Enabled)">100</onleft>
                <onleft condition="Skin.HasSetting(KioskMode.Enabled)">50</onleft>
				<onright>60</onright>
				<onup>50</onup>
				<ondown>50</ondown>
				<pagecontrol>60</pagecontrol>
				<scrolltime tween="sine" easing="inout">280</scrolltime>
				<itemlayout height="99">
					<control type="image">
						<height>99</height>
						<width>930</width>
						<texture flipy="true" border="3">list/ListNF.png</texture>
					</control>
					<control type="image">
			            <posx>880</posx>
			            <width>24</width>
			            <height>99</height>
			            <texture>$VAR[PVRStatusImageVar]</texture>
			            <aspectratio>keep</aspectratio>
			            <visible>ListItem.IsRecording | ListItem.HasTimer | ListItem.HasTimerSchedule | ListItem.HasArchive</visible>
		            </control>
					<control type="label" description="Number">
						<height>99</height>
						<width>80</width>
						<align>center</align>
						<aligny>center</aligny>
						<label>$INFO[ListItem.ChannelNumberLabel]</label>
					</control>
					<control type="image" description="TV Logo Shadow">
						<visible>!Skin.HasSetting(HideEPGLogos)</visible>
						<posx>83</posx>
						<posy>7</posy>
						<width>88</width>
						<height>88</height>
						<texture>$INFO[ListItem.Icon]</texture>
						<colordiffuse>ShadowDark</colordiffuse>
						<aspectratio>keep</aspectratio>
					</control>
					<control type="image" description="TV Logo">
						<visible>!Skin.HasSetting(HideEPGLogos)</visible>
						<posx>80</posx>
						<posy>4</posy>
						<width>88</width>
						<height>88</height>
						<texture>$INFO[ListItem.Icon]</texture>
						<aspectratio>keep</aspectratio>
					</control>
					<control type="label" description="Main Label">
						<visible>Skin.HasSetting(HideEPGLogos)</visible>
						<posx>98</posx>
						<height>45</height>
						<width>800</width>
						<font>Details</font>
						<scroll>false</scroll>
						<label>$INFO[ListItem.ChannelName]</label>
					</control>
					<control type="label" description="Main Label">
						<visible>!Skin.HasSetting(HideEPGLogos)</visible>
						<posx>186</posx>
						<height>45</height>
						<width>800</width>
						<font>Details</font>
						<scroll>false</scroll>
						<label>$INFO[ListItem.ChannelName]</label>
					</control>
					<control type="label" description="Label2">
						<visible>Skin.HasSetting(HideEPGLogos)</visible>
						<posx>98</posx>
						<posy>34</posy>
						<height>55</height>
						<width>700</width>
						<scroll>false</scroll>
						<label>$INFO[ListItem.Title]</label>
					</control>
					<control type="label" description="Label2">
						<visible>!Skin.HasSetting(HideEPGLogos)</visible>
						<posx>186</posx>
						<posy>34</posy>
						<height>55</height>
						<width>700</width>
						<scroll>false</scroll>
						<label>$INFO[ListItem.Title]</label>
					</control>
					<control type="progress">
						<visible>!Skin.HasSetting(HideEPGLogos)</visible>
						<posx>184</posx>
						<posy>87</posy>
						<width>700</width>
						<height>5</height>
						<texturebg border="0,0,0,0">img/AmberDotBG.png</texturebg>
						<midtexture colordiffuse="Red" border="0,0,0,0">img/AmberDot.png</midtexture>
						<info>ListItem.Progress</info>
						<visible>ListItem.HasEpg</visible>
						<visible>ListItem.IsRecording</visible>
					</control>
					<control type="progress">
						<visible>!Skin.HasSetting(HideEPGLogos)</visible>
						<posx>184</posx>
						<posy>87</posy>
						<width>700</width>
						<height>5</height>
						<texturebg border="0,0,0,0" colordiffuse="$VAR[LabelTextColor]">img/AmberDotBG.png</texturebg>
						<midtexture border="0,0,0,0" colordiffuse="$VAR[HighlightColor]">img/AmberDot.png</midtexture>
						<info>ListItem.Progress</info>
						<visible>ListItem.HasEpg</visible>
						<visible>!ListItem.IsRecording</visible>
					</control>
					<control type="progress">
						<visible>Skin.HasSetting(HideEPGLogos)</visible>
						<posx>98</posx>
						<posy>87</posy>
						<width>786</width>
						<height>5</height>
						<texturebg border="0,0,0,0">img/AmberDotBG.png</texturebg>
						<midtexture colordiffuse="Red" border="0,0,0,0">img/AmberDot.png</midtexture>
						<info>ListItem.Progress</info>
						<visible>ListItem.HasEpg</visible>
						<visible>ListItem.IsRecording</visible>
					</control>
					<control type="progress">
						<visible>Skin.HasSetting(HideEPGLogos)</visible>
						<posx>98</posx>
						<posy>87</posy>
						<width>786</width>
						<height>5</height>
						<texturebg border="0,0,0,0">img/AmberDotBG.png</texturebg>
						<midtexture border="0,0,0,0">img/AmberDot.png</midtexture>
						<info>ListItem.Progress</info>
						<visible>ListItem.HasEpg</visible>
						<visible>!ListItem.IsRecording</visible>
					</control>
				</itemlayout>
				<focusedlayout height="99">
					<control type="image">
						<width>930</width>
						<height>99</height>
						<texture border="4" colordiffuse="$VAR[HighlightColor]">img/WhiteRoundedST2.png</texture>
						<animation effect="fade" start="100" end="50" time="100" condition="!Control.HasFocus(50)">Conditional</animation>
					</control>
					<control type="image">
			            <posx>880</posx>
			            <width>24</width>
			            <height>99</height>
			            <texture>$VAR[PVRStatusImageVar]</texture>
			            <aspectratio>keep</aspectratio>
						<colordiffuse>$VAR[FocusedTextColor]</colordiffuse>
			            <visible>ListItem.IsRecording | ListItem.HasTimer | ListItem.HasTimerSchedule | ListItem.HasArchive</visible>
		            </control>
					<control type="label" description="Number">
						<height>99</height>
						<width>80</width>
						<align>center</align>
						<aligny>center</aligny>
						<textcolor>$VAR[FocusedTextColor]</textcolor>
						<selectedcolor>$VAR[FocusedTextColor]</selectedcolor>
						<shadowcolor></shadowcolor>
						<label>$INFO[ListItem.ChannelNumberLabel]</label>
					</control>
					<control type="image" description="TV Logo Shadow">
						<visible>!Skin.HasSetting(HideEPGLogos)</visible>
						<posx>83</posx>
						<posy>7</posy>
						<width>88</width>
						<height>88</height>
						<texture>$INFO[ListItem.Icon]</texture>
						<colordiffuse>ShadowDark</colordiffuse>
						<aspectratio>keep</aspectratio>
					</control>
					<control type="image" description="TV Logo">
						<visible>!Skin.HasSetting(HideEPGLogos)</visible>
						<posx>80</posx>
						<posy>4</posy>
						<width>88</width>
						<height>88</height>
						<texture>$INFO[ListItem.Icon]</texture>
						<aspectratio>keep</aspectratio>
					</control>
					<control type="label" description="Main Label">
						<visible>Skin.HasSetting(HideEPGLogos)</visible>
						<posx>98</posx>
						<height>45</height>
						<width>700</width>
						<font>Details</font>
						<label>$INFO[ListItem.ChannelName]</label>
						<textcolor>$VAR[FocusedTextColor]</textcolor>
						<selectedcolor>$VAR[FocusedTextColor]</selectedcolor>
						<shadowcolor></shadowcolor>
					</control>
					<control type="label" description="Main Label">
						<visible>!Skin.HasSetting(HideEPGLogos)</visible>
						<posx>186</posx>
						<height>45</height>
						<width>700</width>
						<font>Details</font>
						<label>$INFO[ListItem.ChannelName]</label>
						<textcolor>$VAR[FocusedTextColor]</textcolor>
						<selectedcolor>$VAR[FocusedTextColor]</selectedcolor>
						<shadowcolor></shadowcolor>
					</control>
					<control type="label" description="Label2">
						<visible>Skin.HasSetting(HideEPGLogos)</visible>
						<posx>98</posx>
						<posy>34</posy>
						<height>55</height>
						<width>700</width>
						<label>$INFO[ListItem.Title]</label>
						<textcolor>$VAR[FocusedTextColor]</textcolor>
						<selectedcolor>$VAR[FocusedTextColor]</selectedcolor>
						<shadowcolor></shadowcolor>
					</control>
					<control type="label" description="Label2">
						<visible>!Skin.HasSetting(HideEPGLogos)</visible>
						<posx>186</posx>
						<posy>34</posy>
						<height>55</height>
						<width>700</width>
						<label>$INFO[ListItem.Title]</label>
						<textcolor>$VAR[FocusedTextColor]</textcolor>
						<selectedcolor>$VAR[FocusedTextColor]</selectedcolor>
						<shadowcolor></shadowcolor>
					</control>
					<control type="progress">
						<visible>!Skin.HasSetting(HideEPGLogos)</visible>
						<posx>184</posx>
						<posy>87</posy>
						<width>700</width>
						<height>5</height>
						<texturebg colordiffuse="$VAR[LabelTextColor]" border="0,0,0,0">img/AmberDot.png</texturebg>
						<midtexture colordiffuse="Red" border="0,0,0,0">img/AmberDot.png</midtexture>
						<info>ListItem.Progress</info>
						<visible>ListItem.HasEpg</visible>
						<visible>ListItem.IsRecording</visible>
					</control>
					<control type="progress">
						<visible>!Skin.HasSetting(HideEPGLogos)</visible>
						<posx>184</posx>
						<posy>87</posy>
						<width>700</width>
						<height>5</height>
						<texturebg colordiffuse="$VAR[LabelTextColor]" border="0,0,0,0">img/AmberDot.png</texturebg>
						<midtexture colordiffuse="$VAR[FocusedTextColor]" border="0,0,0,0">img/AmberDot.png</midtexture>
						<info>ListItem.Progress</info>
						<visible>ListItem.HasEpg</visible>
						<visible>!ListItem.IsRecording</visible>
					</control>
					<control type="progress">
						<visible>Skin.HasSetting(HideEPGLogos)</visible>
						<posx>98</posx>
						<posy>87</posy>
						<width>786</width>
						<height>5</height>
						<texturebg colordiffuse="$VAR[LabelTextColor]" border="0,0,0,0">img/AmberDot.png</texturebg>
						<midtexture colordiffuse="Red" border="0,0,0,0">img/AmberDot.png</midtexture>
						<info>ListItem.Progress</info>
						<visible>ListItem.HasEpg</visible>
						<visible>ListItem.IsRecording</visible>
					</control>
					<control type="progress">
						<visible>Skin.HasSetting(HideEPGLogos)</visible>
						<posx>98</posx>
						<posy>87</posy>
						<width>786</width>
						<height>5</height>
						<texturebg colordiffuse="$VAR[LabelTextColor]" border="0,0,0,0">img/AmberDot.png</texturebg>
						<midtexture colordiffuse="$VAR[FocusedTextColor]" border="0,0,0,0">img/AmberDot.png</midtexture>
						<info>ListItem.Progress</info>
						<visible>ListItem.HasEpg</visible>
						<visible>!ListItem.IsRecording</visible>
					</control>
				</focusedlayout>
			</control>
		</control>
		<include content="PanelTemplate">
			<param name="top">445</param>
			<param name="height">320</param>
			<param name="heading">$VAR[panelheading]</param>
			<param name="subheading">$VAR[panelsubheading]</param>
			<param name="plot">$VAR[Plots]</param>
			<param name="footer">$VAR[panelfooter]</param>
			<param name="visibility">true</param>
			<param name="showflags">false</param>
		</include>
		<control type="scrollbar" id="60">
			<animation effect="slide" start="0,0" end="-8,0" time="150">Focus</animation>
			<animation effect="slide" start="-8,0" end="0,0" time="300">UnFocus</animation>
			<posx>21r</posx>
			<posy>60</posy>
			<width>36</width>
			<height>990</height>
			<texturesliderbackground></texturesliderbackground>
			<texturesliderbar></texturesliderbar>
			<texturesliderbarfocus></texturesliderbarfocus>
			<textureslidernib border="18">OSD/ScrollbarNibNF.png</textureslidernib>
			<textureslidernibfocus border="18" colordiffuse="$VAR[HighlightColor]">OSD/ScrollbarNibFO.png</textureslidernibfocus>
			<showonepage>false</showonepage>
			<orientation>vertical</orientation>
			<onleft>50</onleft>
			<onright condition="!Skin.HasSetting(KioskMode.Enabled)">9000</onright>
            <onright condition="Skin.HasSetting(KioskMode.Enabled)">50</onright>
		</control>
		<include>PVRChannelNumberInput</include>
		<include>PVRSideBlade</include>
        <include>TouchButtons</include>
		<control type="label" id="29">
			<include>HiddenButton</include>
		</control>
		<control type="label" id="30">
			<include>HiddenButton</include>
		</control>
	</controls>
</window>