<?xml version="1.0" encoding="UTF-8"?>
<includes>

    <expression name="showPosterOSD">String.IsEqual(Skin.String(OSDExtraArt),poster) | [!String.IsEqual(Skin.String(OSDExtraArt),none) + 
	                                [[String.IsEqual(Skin.String(OSDExtraArt),clearart) + String.IsEmpty(Player.Art(clearart)) + String.IsEmpty(Player.Art(tvshow.clearart)) + String.IsEmpty(Player.Art(artist.clearart)) + 
									  String.IsEmpty(Player.Art(albumartist.clearart)) + String.IsEmpty(Player.Art(clearlogo)) + String.IsEmpty(Player.Art(tvshow.clearlogo)) + String.IsEmpty(Player.Art(artist.clearlogo)) + 
									  String.IsEmpty(Player.Art(albumartist.clearlogo))] | 
									 [String.IsEqual(Skin.String(OSDExtraArt),discart) + String.IsEmpty(Player.Art(discart)) + String.IsEmpty(Player.Art(album.discart)) + String.IsEmpty(Player.Art(clearart)) + 
									  String.IsEmpty(Player.Art(tvshow.clearart)) + String.IsEmpty(Player.Art(artist.clearart)) + String.IsEmpty(Player.Art(albumartist.clearart)) + String.IsEmpty(Player.Art(clearlogo)) + 
									  String.IsEmpty(Player.Art(tvshow.clearlogo)) + String.IsEmpty(Player.Art(artist.clearlogo)) + String.IsEmpty(Player.Art(albumartist.clearlogo))] | 
									 [String.IsEqual(Skin.String(OSDExtraArt),logo) + String.IsEmpty(Player.Art(clearlogo)) + String.IsEmpty(Player.Art(tvshow.clearlogo)) + String.IsEmpty(Player.Art(artist.clearlogo)) + 
									  String.IsEmpty(Player.Art(albumartist.clearlogo))] | 
									 [String.IsEqual(Skin.String(OSDExtraArt),characterart) + String.IsEmpty(Player.Art(tvshow.characterart)) + String.IsEmpty(Player.Art(tvshow.clearart)) + 
									  String.IsEmpty(Player.Art(clearart)) + String.IsEmpty(Player.Art(clearlogo)) + String.IsEmpty(Player.Art(tvshow.clearlogo))]]]</expression>

	<include name="TopSeekBar">
	    <posy>0</posy>
	</include>
	<include name="BottomSeekBar">
	    <posy>952</posy>
	</include>

    <include name="LowerOSDSlider">
	    <top>941</top>
	</include>
	<include name="RegularOSDSlider">
	    <top>-11</top>
	</include>
	
	<include name="LowerOSDButtons">
	    <top>800</top>
	</include>
	<include name="RegularOSDButtons">
	    <top>930</top>
	</include>
	
	<include name="LowerMusicOSDButtons">
	    <top>800</top>
	</include>
	<include name="RegularMusicOSDButtons">
	    <top>920</top>
	</include>
	
	<include name="LowerOSDPopups">
	    <top>390</top>
	</include>
	<include name="RegularOSDPopups">
	    <top>520</top>
	</include>
	
	<include name="LowerMusicOSDPopups">
	    <top>390</top>
	</include>
	<include name="RegularMusicOSDPopups">
	    <top>555</top>
	</include>
	
	<include name="LowerFullScreenInfo">
	    <top>700</top>
	</include>
	<include name="RegularFullScreenInfo">
	    <top>820</top>
	</include>
	
	<include name="LowerMusicFullScreenInfo">
	    <top>700</top>
	</include>
	<include name="RegularMusicFullScreenInfo">
	    <top>820</top>
	</include>
    
    <!-- Includes for opening Video Info Dialog from OSD -->	
	<variable name="VideoOSDInfoButtonListType">
		<value condition="VideoPlayer.Content(movies)">movie</value>
		<value condition="VideoPlayer.Content(episodes)">episode</value>
		<value></value>
	</variable>
	<include name="VideoOSDInfoButtonList">
		<control type="list" id="43260">
			<left>0</left>
			<top>0</top>
			<width>1</width>
			<height>1</height>
			<itemlayout/>
			<focusedlayout/>
			<content>plugin://service.library.data.provider?type=$VAR[VideoOSDInfoButtonListType]&amp;dbid=$INFO[VideoPlayer.DBID]&amp;dbtype=$VAR[VideoOSDInfoButtonListType]</content>
		</control>
	</include>
	
	<include name="FullScreenExtraArt">
	    <param name="logoleft">1400</param>
		<param name="arttop">720</param>
		<param name="disctop">720</param>
		<param name="logowidth">480</param>
		<param name="discleft">1400</param>
		<param name="artheight">320</param>
		<param name="characterleft">1480</param>
		<param name="clearartleft">1400</param>
		<param name="clearartwidth">480</param>
		<definition>
			<control type="image" id="1">
                <posy>$PARAM[arttop]</posy>
			    <posx>$PARAM[characterleft]</posx>
                <width>$PARAM[artheight]</width>
                <height>$PARAM[artheight]</height>
                <texture background="true">$INFO[Player.Art(characterart)]</texture>
		        <aspectratio>keep</aspectratio>
				<align>center</align>
				<aligny>bottom</aligny>
				<visible>VideoPlayer.Content(movies)</visible>
				<visible>!String.IsEmpty(Player.Art(characterart)) + String.IsEqual(Skin.String(OSDExtraArt),characterart)</visible>
            </control>
			<control type="image" id="1">
                <posy>$PARAM[arttop]</posy>
			    <posx>$PARAM[characterleft]</posx>
                <width>$PARAM[artheight]</width>
                <height>$PARAM[artheight]</height>
                <texture background="true">$INFO[Player.Art(tvshow.characterart)]</texture>
		        <aspectratio>keep</aspectratio>
				<align>center</align>
				<aligny>bottom</aligny>
				<visible>VideoPlayer.Content(episodes)</visible>
				<visible>!String.IsEmpty(Player.Art(tvshow.characterart)) + String.IsEqual(Skin.String(OSDExtraArt),characterart)</visible>
            </control>
			<control type="image" id="1">
                <posy>$PARAM[arttop]</posy>
		        <posx>$PARAM[logoleft]</posx>
                <width>$PARAM[logowidth]</width>
                <height>$PARAM[artheight]</height>
                <texture background="true">$INFO[Player.Art(clearlogo)]</texture>
		        <aspectratio>keep</aspectratio>
				<align>center</align>
				<aligny>center</aligny>
                <visible>VideoPlayer.Content(movies) | VideoPlayer.Content(musicvideos)</visible>
				<visible>!String.IsEmpty(Player.Art(clearlogo)) + [String.IsEqual(Skin.String(OSDExtraArt),logo) | 
				         [String.IsEqual(Skin.String(OSDExtraArt),discart) + String.IsEmpty(Player.Art(discart))] | 
						 [String.IsEqual(Skin.String(OSDExtraArt),clearart) + String.IsEmpty(Player.Art(clearart))] | 
						 [String.IsEqual(Skin.String(OSDExtraArt),characterart) + String.IsEmpty(Player.Art(characterart)) + String.IsEmpty(Player.Art(clearart))]]</visible>
            </control>
			<control type="image" id="1">
                <posy>$PARAM[arttop]</posy>
		        <posx>$PARAM[logoleft]</posx>
                <width>$PARAM[logowidth]</width>
                <height>$PARAM[artheight]</height>
                <texture background="true">$INFO[Player.Art(tvshow.clearlogo)]</texture>
		        <aspectratio>keep</aspectratio>
				<align>center</align>
				<aligny>center</aligny>
                <visible>VideoPlayer.Content(episodes)</visible>
				<visible>!String.IsEmpty(Player.Art(tvshow.clearlogo)) + [String.IsEqual(Skin.String(OSDExtraArt),logo) | 
				         [String.IsEqual(Skin.String(OSDExtraArt),discart) + String.IsEmpty(Player.Art(tvshow.discart))] | 
						 [String.IsEqual(Skin.String(OSDExtraArt),clearart) + String.IsEmpty(Player.Art(tvshow.clearart))] | 
						 [String.IsEqual(Skin.String(OSDExtraArt),characterart) + String.IsEmpty(Player.Art(tvshow.characterart)) + String.IsEmpty(Player.Art(tvshow.clearart))]]</visible>
            </control>
			<control type="image" id="1">
                <posy>$PARAM[arttop]</posy>
		        <posx>$PARAM[logoleft]</posx>
                <width>$PARAM[logowidth]</width>
                <height>$PARAM[artheight]</height>
                <texture background="true">$INFO[Player.Art(artist.clearlogo)]</texture>
		        <aspectratio>keep</aspectratio>
				<align>center</align>
				<aligny>center</aligny>
                <visible>Player.HasAudio | VideoPlayer.Content(musicvideos)</visible>
				<visible>!String.IsEmpty(Player.Art(artist.clearlogo)) + String.IsEmpty(Player.Art(clearlogo)) + [String.IsEqual(Skin.String(OSDExtraArt),logo) | 
				         [String.IsEqual(Skin.String(OSDExtraArt),discart) + String.IsEmpty(Player.Art(album.discart))] | 
						 [String.IsEqual(Skin.String(OSDExtraArt),clearart) + String.IsEmpty(Player.Art(artist.clearart))]]</visible>
            </control>
			<control type="image" id="1">
                <posy>$PARAM[arttop]</posy>
		        <posx>$PARAM[logoleft]</posx>
                <width>$PARAM[logowidth]</width>
                <height>$PARAM[artheight]</height>
                <texture background="true">$INFO[Player.Art(albumartist.clearlogo)]</texture>
		        <aspectratio>keep</aspectratio>
				<align>center</align>
				<aligny>center</aligny>
                <visible>Player.HasAudio</visible>
				<visible>!String.IsEmpty(Player.Art(albumartist.clearlogo)) + String.IsEmpty(Player.Art(artist.clearlogo)) + [String.IsEqual(Skin.String(OSDExtraArt),logo) | 
				         [String.IsEqual(Skin.String(OSDExtraArt),discart) + String.IsEmpty(Player.Art(album.discart))] | 
						 [String.IsEqual(Skin.String(OSDExtraArt),clearart) + String.IsEmpty(Player.Art(artist.clearart)) + String.IsEmpty(Player.Art(albumartist.clearart))]]</visible>
            </control>
			<control type="image" id="1">
                <posy>$PARAM[arttop]</posy>
			    <posx>$PARAM[clearartleft]</posx>
                <width>$PARAM[clearartwidth]</width>
                <height>$PARAM[artheight]</height>
                <texture background="true">$INFO[Player.Art(clearart)]</texture>
			    <aspectratio>keep</aspectratio>
			    <align>center</align>
				<aligny>bottom</aligny>
                <visible>VideoPlayer.Content(movies) | VideoPlayer.Content(musicvideos)</visible>
				<visible>!String.IsEmpty(Player.Art(clearart)) + [String.IsEqual(Skin.String(OSDExtraArt),clearart) | 
						 [String.IsEqual(Skin.String(OSDExtraArt),characterart) + String.IsEmpty(Player.Art(characterart))]]</visible>
            </control>
			<control type="image" id="1">
                <posy>$PARAM[arttop]</posy>
			    <posx>$PARAM[clearartleft]</posx>
                <width>$PARAM[clearartwidth]</width>
                <height>$PARAM[artheight]</height>
                <texture background="true">$INFO[Player.Art(tvshow.clearart)]</texture>
			    <aspectratio>keep</aspectratio>
			    <align>center</align>
				<aligny>bottom</aligny>
                <visible>VideoPlayer.Content(episodes)</visible>
				<visible>!String.IsEmpty(Player.Art(tvshow.clearart)) + [String.IsEqual(Skin.String(OSDExtraArt),clearart) | 
						 [String.IsEqual(Skin.String(OSDExtraArt),characterart) + String.IsEmpty(Player.Art(tvshow.characterart))]]</visible>
            </control>
			<control type="image" id="1">
                <posy>$PARAM[arttop]</posy>
			    <posx>$PARAM[clearartleft]</posx>
                <width>$PARAM[clearartwidth]</width>
                <height>$PARAM[artheight]</height>
                <texture background="true">$INFO[Player.Art(artist.clearart)]</texture>
			    <aspectratio>keep</aspectratio>
			    <align>center</align>
				<aligny>bottom</aligny>
                <visible>Player.HasAudio</visible>
				<visible>!String.IsEmpty(Player.Art(artist.clearart)) + String.IsEqual(Skin.String(OSDExtraArt),clearart)</visible>
            </control>
			<control type="image" id="1">
                <posy>$PARAM[arttop]</posy>
			    <posx>$PARAM[clearartleft]</posx>
                <width>$PARAM[clearartwidth]</width>
                <height>$PARAM[artheight]</height>
                <texture background="true">$INFO[Player.Art(albumartist.clearart)]</texture>
			    <aspectratio>keep</aspectratio>
			    <align>center</align>
				<aligny>bottom</aligny>
                <visible>Player.HasAudio</visible>
				<visible>!String.IsEmpty(Player.Art(albumartist.clearart)) + String.IsEmpty(Player.Art(artist.clearart)) + String.IsEqual(Skin.String(OSDExtraArt),clearart)</visible>
            </control>
			<control type="image" id="1">
                <posy>$PARAM[disctop]</posy>
			    <posx>$PARAM[discleft]</posx>
                <width>$PARAM[discheight]</width>
                <height>$PARAM[artheight]</height>
                <texture background="true">$INFO[Player.Art(discart)]</texture>
		        <aspectratio>keep</aspectratio>
				<align>center</align>
				<aligny>center</aligny>
                <visible>VideoPlayer.Content(movies) | VideoPlayer.Content(musicvideos)</visible>
				<visible>!String.IsEmpty(Player.Art(discart)) + String.IsEqual(Skin.String(OSDExtraArt),discart)</visible>
            </control>
			<control type="image" id="1">
                <posy>$PARAM[disctop]</posy>
			    <posx>$PARAM[discleft]</posx>
                <width>$PARAM[artheight]</width>
                <height>$PARAM[artheight]</height>
                <texture background="true">$INFO[Player.Art(tvshow.discart)]</texture>
		        <aspectratio>keep</aspectratio>
				<align>center</align>
				<aligny>center</aligny>
                <visible>VideoPlayer.Content(episodes)</visible>
				<visible>!String.IsEmpty(Player.Art(tvshow.discart)) + String.IsEqual(Skin.String(OSDExtraArt),discart)</visible>
            </control>
			<control type="image" id="1">
                <posy>$PARAM[disctop]</posy>
			    <posx>$PARAM[discleft]</posx>
                <width>$PARAM[artheight]</width>
                <height>$PARAM[artheight]</height>
                <texture background="true">$INFO[Player.Art(album.discart)]</texture>
		        <aspectratio>keep</aspectratio>
				<align>center</align>
				<aligny>center</aligny>
                <visible>Player.HasAudio | VideoPlayer.Content(musicvideos)</visible>
				<visible>String.IsEmpty(Player.Art(discart)) + !String.IsEmpty(Player.Art(album.discart)) + String.IsEqual(Skin.String(OSDExtraArt),discart)</visible>
            </control>
    		
		</definition>
	</include>

</includes>